,car_brand,fuel_type,transmission,owner_type,city,year,km_driven,price
0,Toyota,Petrol,Manual,3,Hyderabad,2020,185905.0,220627
1,Unknown,CNG,Manual,1,Bangalore,2009,28723.0,915977
2,BMW,Unknown,Unknown,1,Unknown,2020,133921.0,598953
3,Mahindra,Unknown,Manual,3,Unknown,2007,112791.0,1449397
4,Hyundai,Unknown,Manual,2,Unknown,2019,150693.0,1383644
5,Hyundai,Electric,Automatic,3,Kolkata,2007,52657.0,494775
6,Maruti,Electric,Automatic,3,Kolkata,2018,102352.0,581247
7,Audi,Unknown,Automatic,2,Mumbai,2020,48162.0,1059991
8,Ford,Diesel,Manual,3,Bangalore,2021,30345.0,1247419
9,BMW,CNG,Automatic,3,Chennai,2022,46846.0,1863796
10,Maruti,Diesel,Manual,3,Kolkata,2022,16353.0,716552
11,Unknown,Unknown,Manual,2,Unknown,2018,22558.0,1413122
12,Audi,Unknown,Unknown,1,Mumbai,2022,34545.0,1719110
13,Honda,Petrol,Manual,1,Unknown,2019,174635.0,318431
14,Hyundai,Unknown,Automatic,2,Hyderabad,2019,91155.0,1409989
15,Hyundai,Unknown,Automatic,1,Hyderabad,2010,173606.0,398113
16,Toyota,Petrol,Manual,3,Mumbai,2019,55711.0,224034
17,Mahindra,CNG,Unknown,1,Delhi,2022,194921.0,304335
18,Tata,Unknown,Manual,3,Pune,2008,182145.0,1238986
19,Honda,Petrol,Automatic,1,Hyderabad,2012,16953.0,658745
20,Ford,Electric,Unknown,2,Mumbai,2019,83972.0,1053646
21,Hyundai,Diesel,Automatic,1,Pune,2007,139585.0,1264650
22,Honda,Unknown,Unknown,1,Unknown,2019,89361.0,776067
23,Toyota,Unknown,Manual,1,Kolkata,2017,75400.0,1090562
24,Tata,Unknown,Automatic,2,Unknown,2013,182190.0,749001
25,BMW,CNG,Manual,1,Chennai,2006,130942.0,1785960
26,Hyundai,Unknown,Automatic,2,Bangalore,2012,78313.0,1328004
27,Mahindra,Unknown,Unknown,3,Kolkata,2021,192871.0,1719110
28,Mahindra,Diesel,Manual,1,Chennai,2017,132514.0,1207177
29,Maruti,Unknown,Automatic,2,Delhi,2005,196303.0,494775
30,Ford,Petrol,Manual,2,Bangalore,2006,40031.0,564710
31,Hyundai,CNG,Automatic,1,Chennai,2019,29624.0,1957628
32,Maruti,Diesel,Automatic,3,Bangalore,2016,49565.0,380407
33,Unknown,Petrol,Unknown,2,Bangalore,2018,66554.0,413673
34,Unknown,Petrol,Automatic,1,Bangalore,2006,174578.0,1156504
35,Audi,Electric,Manual,3,Delhi,2022,107621.0,1505764
36,Toyota,Diesel,Manual,2,Hyderabad,2011,45733.0,1646790
37,Maruti,Unknown,Manual,2,Pune,2010,6537.0,489913
38,Ford,Petrol,Manual,3,Hyderabad,2018,85729.0,1888702
39,Tata,Diesel,Manual,3,Mumbai,2012,136841.0,1839329
40,Hyundai,CNG,Unknown,1,Bangalore,2006,88049.0,1097150
41,Tata,Unknown,Automatic,1,Hyderabad,2021,121088.0,988976
42,Maruti,Diesel,Automatic,2,Pune,2009,87315.0,969241
43,Unknown,Electric,Manual,3,Pune,2018,37376.0,1681436
44,Honda,Unknown,Unknown,3,Bangalore,2007,165576.0,833307
45,Ford,Electric,Automatic,3,Unknown,2009,98650.0,1589720
46,Toyota,Diesel,Manual,2,Bangalore,2020,111553.0,967190
47,Mahindra,Petrol,Automatic,3,Chennai,2022,12957.0,1582024
48,Mahindra,Unknown,Automatic,3,Hyderabad,2021,121116.0,1834719
49,Hyundai,Petrol,Manual,2,Pune,2015,68745.0,891624
50,Unknown,Unknown,Automatic,1,Bangalore,2021,96009.0,1084825
51,BMW,CNG,Automatic,1,Chennai,2020,109672.0,290128
52,Unknown,Unknown,Manual,2,Kolkata,2006,66892.0,1660767
53,Audi,Unknown,Unknown,3,Bangalore,2008,79233.0,1158067
54,Mahindra,Unknown,Unknown,2,Mumbai,2011,130788.0,1410253
55,Unknown,Diesel,Automatic,1,Bangalore,2006,108002.0,951980
56,Maruti,Unknown,Automatic,1,Unknown,2010,86899.0,1027473
57,Hyundai,CNG,Automatic,2,Delhi,2021,80432.0,770008
58,Maruti,CNG,Automatic,2,Unknown,2011,89361.0,1834805
59,Toyota,Electric,Automatic,1,Pune,2009,72560.0,720160
60,Toyota,Unknown,Manual,2,Unknown,2009,75246.0,1512011
61,Honda,Unknown,Automatic,1,Unknown,2020,136301.0,272687
62,Audi,Unknown,Unknown,2,Chennai,2023,104108.0,713398
63,Toyota,CNG,Automatic,2,Mumbai,2013,57224.0,521655
64,Honda,CNG,Manual,2,Mumbai,2009,153620.0,1466851
65,Mahindra,Unknown,Automatic,1,Mumbai,2012,31393.0,1687138
66,Hyundai,Diesel,Manual,2,Hyderabad,2013,63026.0,1407477
67,Audi,Petrol,Manual,1,Bangalore,2009,19016.0,1995202
68,Maruti,Diesel,Manual,1,Bangalore,2014,25002.0,346889
69,Unknown,Diesel,Manual,2,Chennai,2006,6541.0,1028665
70,BMW,Diesel,Automatic,2,Unknown,2013,161323.0,1102297
71,Hyundai,Diesel,Automatic,1,Mumbai,2015,159682.0,1241766
72,Maruti,Petrol,Manual,1,Delhi,2008,113721.0,1728853
73,Audi,Petrol,Unknown,3,Delhi,2006,147003.0,1102297
74,BMW,Unknown,Unknown,1,Unknown,2010,179750.0,1646790
75,BMW,CNG,Unknown,3,Hyderabad,2018,70030.0,650901
76,BMW,Diesel,Manual,3,Bangalore,2005,137851.0,951980
77,Maruti,Electric,Automatic,3,Mumbai,2022,59225.0,952756
78,Toyota,Diesel,Unknown,2,Bangalore,2011,159912.0,958811
79,Hyundai,Unknown,Automatic,2,Delhi,2005,16801.0,975729
80,Audi,Unknown,Manual,1,Unknown,2005,75404.0,1564003
81,Ford,Petrol,Manual,3,Kolkata,2005,109843.0,980255
82,Toyota,CNG,Automatic,2,Chennai,2008,99346.0,484083
83,Maruti,Unknown,Unknown,2,Unknown,2008,168898.0,1843685
84,Toyota,Unknown,Automatic,2,Bangalore,2022,22509.0,1410253
85,Toyota,CNG,Automatic,2,Hyderabad,2015,58014.0,132161
86,BMW,Electric,Manual,2,Unknown,2005,196349.0,1525196
87,Ford,Petrol,Automatic,3,Bangalore,2014,104525.0,263944
88,Audi,Unknown,Unknown,3,Kolkata,2013,123142.0,885890
89,Tata,Diesel,Manual,3,Bangalore,2008,144805.0,1560687
90,Hyundai,Unknown,Automatic,3,Bangalore,2010,166409.0,260974
91,BMW,Electric,Unknown,1,Delhi,2020,90366.0,1220780
92,BMW,Electric,Manual,3,Chennai,2006,170278.0,1361402
93,Mahindra,CNG,Automatic,2,Kolkata,2022,41674.0,1545138
94,BMW,Diesel,Manual,3,Unknown,2014,52599.0,1581257
95,Tata,Petrol,Automatic,1,Hyderabad,2021,76805.0,1804801
96,Mahindra,Diesel,Automatic,2,Unknown,2017,63436.0,381941
97,Tata,Petrol,Automatic,3,Kolkata,2022,153210.0,1661021
98,Maruti,Unknown,Automatic,3,Mumbai,2017,132101.0,1982184
99,Hyundai,Diesel,Manual,3,Pune,2021,5074.0,388569
100,Maruti,Petrol,Unknown,2,Delhi,2009,109843.0,1892380
101,Ford,Unknown,Automatic,2,Hyderabad,2015,169760.0,364954
102,Toyota,Unknown,Manual,1,Unknown,2011,85729.0,1438352
103,Mahindra,Unknown,Automatic,2,Mumbai,2014,75309.0,243435
104,Unknown,Unknown,Automatic,2,Kolkata,2021,34592.0,1317745
105,Honda,Petrol,Manual,3,Hyderabad,2019,14336.0,1616925
106,Tata,Diesel,Unknown,2,Pune,2022,15976.0,1407981
107,BMW,Unknown,Unknown,3,Chennai,2023,176236.0,1545138
108,Honda,Electric,Manual,3,Bangalore,2006,82928.0,885890
109,Maruti,Petrol,Unknown,2,Delhi,2008,97259.0,1585148
110,Honda,Unknown,Manual,1,Mumbai,2007,21984.0,1916740
111,Hyundai,Diesel,Manual,1,Delhi,2011,14583.0,578365
112,Unknown,Diesel,Manual,2,Pune,2022,88049.0,241519
113,Audi,CNG,Unknown,1,Delhi,2014,98650.0,738902
114,Ford,CNG,Automatic,3,Unknown,2011,106164.0,1977257
115,Audi,CNG,Manual,3,Pune,2012,34592.0,1445349
116,Audi,Petrol,Automatic,2,Hyderabad,2010,55281.0,1295055
117,Hyundai,Unknown,Automatic,1,Chennai,2005,108399.0,1142536
118,Audi,Diesel,Manual,1,Pune,2008,87315.0,633857
119,Mahindra,Petrol,Unknown,3,Unknown,2018,196191.0,1466851
120,Audi,Unknown,Unknown,2,Delhi,2021,180794.0,235090
121,Audi,Unknown,Automatic,1,Bangalore,2022,182274.0,658745
122,Toyota,Unknown,Unknown,2,Kolkata,2015,182190.0,1027476
123,Hyundai,Unknown,Automatic,1,Delhi,2018,111732.0,1718635
124,Honda,Electric,Unknown,3,Delhi,2013,195545.0,1352566
125,Tata,CNG,Automatic,3,Chennai,2019,101090.0,1883367
126,Audi,Petrol,Automatic,2,Delhi,2016,145562.0,1243064
127,Audi,CNG,Manual,3,Pune,2014,70140.0,756763
128,Maruti,Diesel,Unknown,1,Mumbai,2023,104273.0,1062494
129,Mahindra,Diesel,Automatic,3,Unknown,2023,121528.0,724588
130,Tata,Unknown,Manual,2,Kolkata,2010,127961.0,1781405
131,Honda,CNG,Manual,2,Hyderabad,2010,140772.0,400406
132,Hyundai,Petrol,Automatic,2,Hyderabad,2012,34685.0,606528
133,Toyota,Diesel,Automatic,1,Unknown,2005,134529.0,1919848
134,Unknown,Electric,Automatic,1,Mumbai,2021,84622.0,1919848
135,Toyota,Petrol,Unknown,1,Unknown,2021,124774.0,1724841
136,Mahindra,Unknown,Manual,1,Kolkata,2019,145565.0,1328004
137,BMW,CNG,Automatic,1,Kolkata,2011,91148.0,1031310
138,Toyota,CNG,Manual,3,Pune,2023,84622.0,1229433
139,Unknown,CNG,Unknown,1,Bangalore,2007,195545.0,534174
140,Unknown,Unknown,Unknown,1,Chennai,2015,20994.0,980255
141,Honda,Diesel,Automatic,3,Kolkata,2023,123972.0,526941
142,Tata,Electric,Automatic,1,Delhi,2013,29363.0,364954
143,Toyota,CNG,Manual,2,Kolkata,2014,51694.0,217408
144,Honda,Diesel,Automatic,1,Bangalore,2006,111080.0,1781405
145,Maruti,Unknown,Unknown,1,Mumbai,2005,63047.0,475903
146,Ford,Unknown,Automatic,2,Delhi,2020,70886.0,291848
147,Mahindra,Electric,Manual,2,Delhi,2022,112044.0,1442942
148,Maruti,Unknown,Automatic,2,Pune,2021,174331.0,1059991
149,Honda,Unknown,Unknown,2,Mumbai,2010,166838.0,1374585
150,Unknown,Unknown,Manual,1,Unknown,2018,62894.0,787318
151,Honda,Unknown,Manual,2,Pune,2019,79854.0,269446
152,Hyundai,Electric,Automatic,2,Mumbai,2018,32867.0,510568
153,Tata,Electric,Unknown,3,Hyderabad,2007,168535.0,788233
154,Unknown,Electric,Manual,2,Unknown,2023,115100.0,169409
155,Honda,Unknown,Manual,2,Kolkata,2016,165014.0,1878099
156,Ford,Petrol,Manual,3,Delhi,2006,24252.0,1996615
157,BMW,Unknown,Manual,3,Unknown,2007,178084.0,249457
158,Honda,Unknown,Automatic,1,Kolkata,2022,79329.0,1061242
159,BMW,Petrol,Automatic,3,Mumbai,2005,61630.0,709557
160,Toyota,Unknown,Automatic,1,Delhi,2010,162255.0,617961
161,Ford,Petrol,Automatic,3,Pune,2009,184965.0,554988
162,Ford,Diesel,Manual,3,Mumbai,2005,82926.0,460565
163,Mahindra,Unknown,Unknown,1,Kolkata,2023,66720.0,1986318
164,Maruti,Petrol,Automatic,3,Bangalore,2005,86899.0,1806422
165,Audi,Unknown,Unknown,1,Unknown,2020,171562.0,833946
166,Toyota,Unknown,Automatic,3,Pune,2016,173455.0,724588
167,Hyundai,CNG,Manual,2,Mumbai,2012,102247.0,840957
168,Maruti,Petrol,Automatic,3,Mumbai,2020,73322.0,1116254
169,Mahindra,Diesel,Manual,1,Pune,2005,78366.0,936209
170,Ford,Electric,Automatic,3,Kolkata,2008,48822.0,1427877
171,Maruti,Unknown,Manual,1,Kolkata,2014,182523.0,1643630
172,Mahindra,Electric,Manual,1,Bangalore,2015,70867.0,402138
173,Honda,Diesel,Unknown,2,Mumbai,2021,168898.0,1832679
174,Ford,Electric,Manual,2,Delhi,2011,122569.0,594523
175,Hyundai,CNG,Unknown,1,Hyderabad,2016,79233.0,104331
176,Ford,Unknown,Manual,3,Delhi,2011,102352.0,1227640
177,Toyota,Petrol,Automatic,1,Chennai,2016,195912.0,1638800
178,Unknown,Unknown,Automatic,1,Hyderabad,2019,41839.0,231436
179,Hyundai,CNG,Automatic,3,Unknown,2006,176236.0,825356
180,Toyota,Unknown,Manual,3,Bangalore,2018,102247.0,225555
181,Hyundai,Diesel,Manual,3,Bangalore,2017,60809.0,1407477
182,Unknown,Electric,Manual,3,Hyderabad,2008,86494.0,133734
183,Audi,Unknown,Manual,1,Hyderabad,2018,112112.0,586598
184,Honda,Petrol,Automatic,1,Bangalore,2018,75404.0,1200911
185,Ford,Unknown,Unknown,2,Unknown,2020,181789.0,1084825
186,Audi,Electric,Unknown,1,Unknown,2011,66192.0,617961
187,Mahindra,Petrol,Automatic,3,Mumbai,2023,165897.0,440459
188,Mahindra,Diesel,Automatic,2,Mumbai,2006,82926.0,1383326
189,Honda,Unknown,Automatic,3,Pune,2014,40031.0,587335
190,Maruti,Petrol,Manual,1,Kolkata,2022,167434.0,312854
191,Audi,CNG,Unknown,2,Delhi,2021,140604.0,1585148
192,Unknown,Diesel,Automatic,3,Hyderabad,2009,37888.0,1082364
193,Ford,Electric,Automatic,2,Hyderabad,2016,19799.0,1979656
194,Toyota,Petrol,Manual,2,Mumbai,2010,181789.0,417798
195,Toyota,Unknown,Automatic,1,Hyderabad,2013,156022.0,1802858
196,BMW,Unknown,Automatic,3,Unknown,2005,123171.0,169409
197,Audi,Unknown,Unknown,2,Delhi,2019,192054.0,1046301
198,Audi,Unknown,Automatic,2,Bangalore,2010,14190.0,1033432
199,BMW,Petrol,Manual,3,Chennai,2023,150693.0,1811382
200,Ford,Unknown,Unknown,2,Unknown,2022,127689.0,122948
201,Maruti,Petrol,Manual,2,Unknown,2010,176929.0,122948
202,Hyundai,Petrol,Automatic,2,Chennai,2017,7251.0,1555105
203,Audi,Diesel,Manual,3,Kolkata,2005,112092.0,1760102
204,Ford,CNG,Automatic,3,Pune,2017,19650.0,1702245
205,Maruti,Unknown,Unknown,3,Pune,2011,42755.0,1356501
206,Hyundai,Electric,Manual,3,Bangalore,2019,164876.0,873589
207,Ford,CNG,Unknown,1,Mumbai,2016,175457.0,959004
208,Maruti,Diesel,Manual,2,Bangalore,2005,144294.0,1870897
209,Hyundai,Unknown,Unknown,3,Pune,2019,184006.0,1214484
210,Mahindra,CNG,Automatic,2,Delhi,2008,36007.0,766775
211,Ford,CNG,Unknown,2,Unknown,2017,117113.0,1542987
212,Ford,Petrol,Manual,1,Mumbai,2009,11789.0,1779612
213,Honda,Unknown,Unknown,3,Mumbai,2006,18288.0,594209
214,BMW,Electric,Automatic,3,Pune,2005,154634.0,1583708
215,Honda,Diesel,Manual,2,Hyderabad,2020,72819.0,248395
216,Toyota,Petrol,Unknown,3,Delhi,2010,35562.0,1694550
217,BMW,Electric,Manual,2,Bangalore,2020,137965.0,484083
218,Ford,Electric,Unknown,2,Unknown,2018,167046.0,1176837
219,Audi,Diesel,Manual,1,Bangalore,2007,170278.0,697202
220,Ford,Unknown,Automatic,1,Bangalore,2019,166805.0,352313
221,Mahindra,Petrol,Automatic,1,Kolkata,2007,6468.0,987880
222,Maruti,CNG,Manual,2,Delhi,2006,117196.0,713794
223,Toyota,Unknown,Manual,3,Chennai,2005,24643.0,1229433
224,Honda,CNG,Manual,1,Chennai,2013,130580.0,1423995
225,Honda,Electric,Automatic,3,Bangalore,2013,170278.0,1115100
226,Unknown,Diesel,Manual,1,Bangalore,2011,22482.0,896867
227,Toyota,Diesel,Automatic,1,Delhi,2007,6132.0,116105
228,Audi,Unknown,Manual,2,Bangalore,2022,93780.0,712495
229,Ford,CNG,Manual,1,Delhi,2015,107302.0,272687
230,BMW,Unknown,Automatic,1,Kolkata,2011,25365.0,1053646
231,Mahindra,Diesel,Manual,2,Chennai,2013,84553.0,736438
232,Mahindra,Diesel,Unknown,3,Chennai,2005,65726.0,703359
233,Tata,Petrol,Unknown,1,Unknown,2018,134237.0,947790
234,Hyundai,Electric,Automatic,2,Hyderabad,2010,66715.0,755362
235,BMW,Diesel,Automatic,1,Delhi,2011,69994.0,1581257
236,Honda,Unknown,Unknown,2,Unknown,2014,59943.0,316915
237,Maruti,CNG,Manual,3,Mumbai,2011,149258.0,1131477
238,Ford,Unknown,Manual,3,Delhi,2006,196174.0,667497
239,Hyundai,Petrol,Manual,2,Kolkata,2008,161080.0,352313
240,Unknown,Unknown,Automatic,2,Pune,2021,7251.0,1407066
241,Unknown,Unknown,Manual,2,Chennai,2005,121116.0,1142536
242,Unknown,Unknown,Automatic,3,Bangalore,2014,145061.0,1785960
243,Toyota,Unknown,Unknown,1,Pune,2023,66715.0,1999955
244,Maruti,Unknown,Unknown,3,Bangalore,2019,166358.0,716552
245,Unknown,Electric,Automatic,2,Unknown,2014,49377.0,891043
246,Tata,Petrol,Manual,2,Mumbai,2023,78366.0,1123439
247,Unknown,Petrol,Unknown,3,Unknown,2016,159169.0,1025581
248,Unknown,Unknown,Automatic,2,Pune,2020,71617.0,607730
249,Audi,Electric,Manual,3,Kolkata,2013,185324.0,1164941
250,Honda,Unknown,Manual,2,Hyderabad,2019,53928.0,1235730
251,Toyota,CNG,Unknown,1,Hyderabad,2021,117260.0,1564345
252,Audi,Petrol,Automatic,1,Bangalore,2018,33251.0,288210
253,Toyota,Petrol,Unknown,2,Mumbai,2022,42500.0,1304665
254,Hyundai,Electric,Unknown,3,Mumbai,2006,140864.0,1138457
255,Mahindra,CNG,Automatic,1,Unknown,2008,193019.0,505732
256,Unknown,Diesel,Automatic,3,Kolkata,2022,29398.0,955738
257,Ford,CNG,Automatic,2,Chennai,2011,160642.0,888447
258,Mahindra,Petrol,Manual,3,Mumbai,2017,137851.0,364954
259,Maruti,CNG,Automatic,1,Chennai,2019,167297.0,1700931
260,Ford,Diesel,Automatic,3,Hyderabad,2005,55508.0,1507356
261,Unknown,Unknown,Automatic,3,Chennai,2015,160917.0,1977257
262,Hyundai,Diesel,Unknown,2,Kolkata,2014,67257.0,191679
263,Mahindra,CNG,Automatic,2,Unknown,2009,127872.0,1101040
264,Audi,Petrol,Automatic,2,Mumbai,2020,186798.0,269446
265,BMW,Petrol,Automatic,1,Chennai,2015,136025.0,770008
266,Ford,Diesel,Automatic,1,Chennai,2010,167434.0,1327201
267,BMW,CNG,Automatic,2,Bangalore,2013,99699.0,724588
268,Toyota,Electric,Manual,2,Mumbai,2017,25991.0,1140444
269,Honda,Diesel,Automatic,1,Delhi,2012,146822.0,1466851
270,Audi,Electric,Manual,1,Unknown,2018,174400.0,1101198
271,Audi,Unknown,Manual,1,Chennai,2005,88028.0,195696
272,Audi,Unknown,Automatic,1,Pune,2021,179077.0,167421
273,Unknown,Petrol,Automatic,2,Unknown,2009,75309.0,1062816
274,Mahindra,CNG,Unknown,1,Kolkata,2006,147001.0,1207177
275,Mahindra,Petrol,Automatic,2,Mumbai,2013,48822.0,134112
276,BMW,Diesel,Automatic,3,Pune,2008,70747.0,1233243
277,Ford,Unknown,Automatic,3,Chennai,2021,104273.0,449454
278,BMW,Petrol,Automatic,1,Kolkata,2021,150417.0,1308957
279,BMW,CNG,Manual,3,Kolkata,2022,87674.0,722207
280,Audi,Electric,Manual,3,Hyderabad,2020,169404.0,526941
281,Toyota,Unknown,Manual,3,Bangalore,2012,153778.0,1088539
282,Toyota,CNG,Automatic,1,Kolkata,2015,143982.0,1802424
283,Maruti,Petrol,Manual,1,Delhi,2022,102382.0,703359
284,Mahindra,Diesel,Manual,3,Mumbai,2014,66715.0,1336541
285,Maruti,CNG,Manual,2,Bangalore,2017,37317.0,891624
286,Tata,Petrol,Unknown,3,Delhi,2021,157324.0,880080
287,Mahindra,Diesel,Manual,1,Mumbai,2022,9655.0,334484
288,Honda,Petrol,Automatic,1,Kolkata,2014,94743.0,511811
289,Mahindra,Petrol,Manual,1,Unknown,2020,129481.0,1802424
290,Maruti,Diesel,Automatic,3,Bangalore,2009,74351.0,621998
291,Maruti,Petrol,Manual,2,Bangalore,2017,98650.0,1804801
292,Audi,CNG,Manual,1,Bangalore,2022,179405.0,578365
293,Toyota,Electric,Automatic,1,Bangalore,2021,10993.0,891624
294,Hyundai,Unknown,Manual,3,Delhi,2013,153394.0,1569416
295,Mahindra,Diesel,Manual,2,Unknown,2018,152531.0,1628249
296,BMW,Petrol,Manual,3,Mumbai,2021,99455.0,902925
297,Honda,Petrol,Manual,1,Chennai,2008,17963.0,1138457
298,Ford,Electric,Manual,2,Delhi,2022,118034.0,111009
299,Maruti,Unknown,Manual,2,Unknown,2019,89664.0,1101198
300,Maruti,Petrol,Unknown,1,Kolkata,2015,61017.0,1769024
301,Mahindra,Unknown,Automatic,2,Unknown,2016,174176.0,998633
302,Mahindra,Petrol,Automatic,2,Kolkata,2013,174241.0,1409977
303,Ford,CNG,Manual,3,Bangalore,2017,90366.0,1649648
304,BMW,Unknown,Unknown,1,Bangalore,2019,54434.0,1174958
305,Unknown,Unknown,Manual,1,Hyderabad,2019,115100.0,616187
306,Mahindra,Unknown,Manual,1,Chennai,2009,106387.0,1628914
307,Toyota,Unknown,Automatic,1,Pune,2023,61096.0,194154
308,BMW,Diesel,Manual,1,Delhi,2018,105846.0,1686308
309,Honda,Unknown,Manual,2,Delhi,2021,62705.0,1028665
310,Tata,Petrol,Automatic,3,Pune,2022,78495.0,771064
311,Maruti,Unknown,Unknown,1,Pune,2007,136301.0,1755464
312,Maruti,CNG,Automatic,3,Kolkata,2006,31393.0,681154
313,Unknown,Unknown,Automatic,3,Mumbai,2005,75871.0,241519
314,Audi,CNG,Unknown,2,Pune,2014,61630.0,255049
315,Ford,Electric,Manual,1,Mumbai,2023,65091.0,1608834
316,Tata,CNG,Manual,2,Delhi,2021,82462.0,851259
317,Hyundai,Unknown,Manual,1,Chennai,2016,90374.0,1410253
318,Hyundai,Petrol,Automatic,2,Mumbai,2005,194937.0,224034
319,Honda,Petrol,Automatic,3,Mumbai,2016,31028.0,1304665
320,Mahindra,Diesel,Unknown,1,Bangalore,2021,75400.0,224034
321,BMW,Petrol,Automatic,3,Bangalore,2007,7251.0,624658
322,Ford,Unknown,Automatic,3,Delhi,2015,164472.0,159072
323,Honda,Diesel,Manual,2,Delhi,2021,144195.0,1374401
324,Unknown,Unknown,Unknown,1,Mumbai,2007,108863.0,1034794
325,BMW,Diesel,Unknown,3,Delhi,2012,38785.0,670141
326,Mahindra,Petrol,Unknown,2,Hyderabad,2008,52657.0,1046301
327,Ford,Unknown,Manual,1,Bangalore,2011,162255.0,1848071
328,Tata,Electric,Automatic,1,Bangalore,2018,47968.0,132161
329,Honda,CNG,Manual,3,Bangalore,2018,178820.0,392759
330,Toyota,CNG,Manual,1,Hyderabad,2008,145319.0,1540334
331,BMW,Unknown,Manual,3,Unknown,2020,104122.0,1406057
332,Maruti,Diesel,Automatic,1,Kolkata,2005,163253.0,1720866
333,Hyundai,Unknown,Automatic,2,Kolkata,2021,73653.0,1735086
334,Maruti,Unknown,Manual,3,Pune,2014,186062.0,787635
335,Maruti,Electric,Manual,3,Hyderabad,2020,179750.0,688510
336,Audi,Petrol,Automatic,1,Pune,2020,157472.0,793812
337,BMW,Electric,Manual,1,Mumbai,2012,109843.0,1088539
338,Tata,Petrol,Manual,3,Mumbai,2011,145790.0,967838
339,Maruti,Petrol,Automatic,1,Bangalore,2010,197385.0,1366560
340,Tata,Diesel,Automatic,2,Unknown,2020,95748.0,1790336
341,Tata,CNG,Manual,1,Pune,2020,111732.0,749362
342,Hyundai,Unknown,Manual,2,Kolkata,2011,49247.0,1334599
343,Tata,Unknown,Manual,2,Bangalore,2013,14583.0,1438352
344,Toyota,Unknown,Unknown,2,Chennai,2018,64412.0,1304491
345,Ford,CNG,Automatic,2,Mumbai,2015,169404.0,361674
346,Ford,Diesel,Automatic,2,Mumbai,2018,151150.0,799793
347,Maruti,Diesel,Manual,1,Kolkata,2011,129481.0,1957628
348,Toyota,Unknown,Automatic,2,Pune,2005,159682.0,538863
349,Ford,Petrol,Manual,1,Bangalore,2017,6044.0,902925
350,Mahindra,Unknown,Automatic,2,Kolkata,2007,42420.0,899288
351,Audi,CNG,Unknown,3,Bangalore,2008,94846.0,230334
352,Ford,CNG,Automatic,2,Unknown,2015,105400.0,1776466
353,Hyundai,Unknown,Unknown,3,Bangalore,2006,125050.0,1540334
354,Maruti,CNG,Automatic,2,Bangalore,2018,85664.0,1201751
355,Ford,Unknown,Manual,2,Bangalore,2016,46846.0,1918352
356,Maruti,Unknown,Unknown,2,Mumbai,2021,6906.0,486354
357,Mahindra,CNG,Manual,3,Delhi,2016,120074.0,713398
358,Unknown,Diesel,Automatic,3,Hyderabad,2016,25750.0,1236078
359,Mahindra,CNG,Manual,2,Unknown,2005,31028.0,1850866
360,Toyota,Unknown,Manual,1,Kolkata,2017,73653.0,885890
361,Ford,Diesel,Automatic,2,Mumbai,2018,120652.0,670141
362,Tata,Electric,Manual,3,Pune,2006,79854.0,564710
363,Mahindra,Electric,Automatic,2,Delhi,2016,83218.0,1219234
364,Unknown,Unknown,Automatic,3,Delhi,2020,105814.0,1293582
365,Toyota,Petrol,Manual,3,Hyderabad,2008,55390.0,980255
366,Unknown,Unknown,Manual,3,Pune,2012,84732.0,1466851
367,Unknown,Unknown,Automatic,2,Delhi,2006,101516.0,771502
368,Hyundai,Petrol,Manual,3,Delhi,2014,6468.0,736438
369,Maruti,Diesel,Automatic,3,Unknown,2013,157647.0,1527098
370,Hyundai,Unknown,Automatic,2,Delhi,2019,153778.0,489913
371,Maruti,Petrol,Unknown,3,Chennai,2017,186787.0,312153
372,Maruti,Unknown,Automatic,2,Pune,2021,35461.0,1882258
373,Ford,CNG,Automatic,3,Delhi,2020,90945.0,1624061
374,Maruti,Diesel,Automatic,1,Mumbai,2006,41839.0,363389
375,Toyota,Unknown,Manual,1,Bangalore,2018,98860.0,268678
376,Audi,CNG,Manual,3,Kolkata,2007,43098.0,1466851
377,Maruti,CNG,Automatic,1,Pune,2016,119176.0,1790792
378,Audi,Diesel,Automatic,2,Hyderabad,2012,139854.0,686470
379,Honda,CNG,Automatic,1,Unknown,2006,71830.0,1744173
380,Hyundai,Petrol,Unknown,3,Kolkata,2008,159607.0,754669
381,Ford,Diesel,Unknown,3,Chennai,2018,86199.0,1701207
382,Ford,Unknown,Unknown,2,Chennai,2020,6044.0,100801
383,Audi,Diesel,Automatic,3,Hyderabad,2023,76743.0,350319
384,BMW,Electric,Manual,2,Hyderabad,2006,50890.0,1513664
385,Audi,Diesel,Automatic,1,Pune,2016,14589.0,1256649
386,Honda,Unknown,Manual,1,Hyderabad,2018,82707.0,1583733
387,Hyundai,Petrol,Automatic,2,Delhi,2010,14583.0,1374401
388,BMW,Unknown,Automatic,2,Chennai,2017,180212.0,1075924
389,Audi,CNG,Automatic,3,Bangalore,2008,6537.0,1451197
390,Unknown,Diesel,Manual,1,Mumbai,2022,78366.0,1704933
391,Tata,Petrol,Manual,2,Delhi,2016,74603.0,444937
392,Toyota,Petrol,Automatic,1,Hyderabad,2023,87674.0,959004
393,BMW,CNG,Manual,2,Pune,2012,85729.0,649656
394,Toyota,Diesel,Unknown,1,Bangalore,2011,158470.0,1588702
395,Unknown,Unknown,Manual,3,Chennai,2020,111410.0,712082
396,Audi,CNG,Manual,1,Pune,2023,91155.0,765491
397,Tata,Diesel,Manual,1,Mumbai,2010,42201.0,1061242
398,BMW,Electric,Automatic,1,Hyderabad,2015,78313.0,927401
399,BMW,Unknown,Automatic,1,Kolkata,2009,106387.0,1643630
400,Hyundai,Petrol,Manual,1,Kolkata,2020,10972.0,1192564
401,Unknown,Petrol,Manual,3,Hyderabad,2011,107511.0,1839103
402,Mahindra,Petrol,Automatic,2,Pune,2009,150693.0,484083
403,Audi,Unknown,Manual,1,Delhi,2015,39550.0,602850
404,Toyota,Electric,Automatic,3,Bangalore,2019,146439.0,1374585
405,Audi,CNG,Automatic,1,Delhi,2007,81478.0,1101720
406,Toyota,Unknown,Manual,1,Unknown,2009,132173.0,873589
407,Maruti,Unknown,Manual,2,Mumbai,2009,196428.0,1275913
408,Unknown,CNG,Unknown,1,Mumbai,2013,123972.0,1172718
409,Maruti,Unknown,Automatic,3,Unknown,2019,158832.0,1993190
410,Toyota,Diesel,Automatic,3,Unknown,2007,32818.0,999751
411,Unknown,Petrol,Manual,2,Kolkata,2010,37317.0,727395
412,Unknown,Diesel,Automatic,1,Delhi,2021,22558.0,1385979
413,Mahindra,Petrol,Manual,3,Delhi,2012,92876.0,1475330
414,Ford,CNG,Automatic,1,Chennai,2015,70614.0,566516
415,Tata,Unknown,Unknown,1,Mumbai,2010,19650.0,392552
416,Honda,Petrol,Manual,1,Delhi,2012,137654.0,294243
417,Toyota,Petrol,Manual,2,Chennai,2014,29976.0,624436
418,Ford,CNG,Manual,1,Unknown,2007,8320.0,1299029
419,BMW,Unknown,Manual,3,Bangalore,2018,139854.0,1826327
420,BMW,Diesel,Manual,1,Hyderabad,2018,163099.0,633037
421,BMW,CNG,Manual,3,Hyderabad,2014,32818.0,1686314
422,Maruti,Petrol,Automatic,1,Bangalore,2016,127357.0,1958770
423,Tata,Petrol,Automatic,3,Hyderabad,2010,24252.0,1266680
424,Maruti,Unknown,Manual,3,Mumbai,2016,49377.0,1209229
425,Mahindra,Unknown,Unknown,1,Mumbai,2018,28723.0,1080043
426,Tata,Petrol,Manual,1,Hyderabad,2006,58502.0,1466851
427,Audi,Unknown,Unknown,3,Delhi,2013,146267.0,554529
428,Toyota,Electric,Manual,2,Unknown,2014,73681.0,590783
429,Hyundai,Unknown,Unknown,1,Mumbai,2021,122369.0,1888702
430,Hyundai,CNG,Automatic,2,Pune,2021,10544.0,1908570
431,BMW,CNG,Unknown,1,Chennai,2007,168535.0,1832679
432,Ford,CNG,Unknown,1,Mumbai,2023,141149.0,724588
433,Hyundai,Electric,Manual,1,Delhi,2005,47968.0,1265179
434,Maruti,Petrol,Unknown,1,Hyderabad,2016,196996.0,662886
435,BMW,Petrol,Manual,2,Kolkata,2011,61920.0,104331
436,Maruti,Diesel,Manual,1,Unknown,2008,176999.0,1986318
437,Audi,Unknown,Manual,3,Pune,2014,193674.0,624436
438,BMW,Diesel,Automatic,3,Kolkata,2017,31572.0,1698515
439,Maruti,Electric,Manual,2,Hyderabad,2006,47879.0,917060
440,Maruti,Unknown,Automatic,1,Kolkata,2014,35562.0,1861568
441,Unknown,Petrol,Automatic,3,Pune,2008,197180.0,1123439
442,Toyota,Electric,Automatic,2,Hyderabad,2022,109263.0,1059991
443,Toyota,CNG,Unknown,1,Kolkata,2009,9551.0,462578
444,Audi,Unknown,Automatic,3,Chennai,2023,143928.0,486354
445,Unknown,Petrol,Manual,3,Kolkata,2006,54756.0,881704
446,Unknown,Electric,Manual,2,Pune,2016,9055.0,1744173
447,BMW,Unknown,Manual,1,Mumbai,2021,155737.0,462355
448,Toyota,Unknown,Manual,1,Delhi,2014,81407.0,413673
449,Maruti,Electric,Manual,3,Chennai,2006,96656.0,917060
450,BMW,CNG,Manual,3,Pune,2010,106505.0,1638040
451,Mahindra,Electric,Unknown,3,Kolkata,2012,163698.0,1102297
452,Tata,Unknown,Automatic,1,Mumbai,2023,167434.0,634255
453,Unknown,CNG,Manual,2,Kolkata,2015,105417.0,1219234
454,Hyundai,Petrol,Automatic,2,Unknown,2016,189875.0,1700931
455,Tata,Unknown,Manual,1,Mumbai,2013,123558.0,1285560
456,Maruti,Electric,Automatic,2,Unknown,2006,42500.0,1552765
457,Tata,Electric,Automatic,3,Unknown,2012,55713.0,277265
458,Maruti,Diesel,Automatic,2,Kolkata,2015,58014.0,270923
459,Hyundai,Electric,Automatic,2,Kolkata,2008,48890.0,646982
460,Hyundai,Diesel,Unknown,2,Unknown,2014,149258.0,485114
461,Ford,Electric,Unknown,3,Hyderabad,2020,157472.0,1706215
462,BMW,Petrol,Automatic,1,Bangalore,2012,149434.0,500435
463,Mahindra,Electric,Automatic,3,Kolkata,2008,111410.0,1653416
464,Unknown,Unknown,Automatic,1,Hyderabad,2014,179750.0,670141
465,Toyota,Petrol,Manual,1,Pune,2016,74468.0,364954
466,Honda,Unknown,Manual,1,Bangalore,2018,192871.0,1982184
467,Audi,CNG,Manual,2,Kolkata,2020,112648.0,1691711
468,Honda,Unknown,Automatic,2,Delhi,2022,86171.0,1493526
469,Unknown,Unknown,Automatic,1,Unknown,2016,55468.0,1454945
470,Maruti,CNG,Manual,1,Bangalore,2022,181789.0,1538291
471,Unknown,Unknown,Unknown,2,Mumbai,2011,151115.0,586598
472,Maruti,Unknown,Unknown,3,Chennai,2011,68745.0,543148
473,Audi,CNG,Automatic,1,Delhi,2013,147509.0,350319
474,Mahindra,Diesel,Automatic,3,Hyderabad,2005,82225.0,1551887
475,Unknown,Electric,Unknown,2,Unknown,2010,101261.0,1982184
476,Maruti,Unknown,Manual,1,Kolkata,2010,127863.0,1531177
477,Mahindra,Unknown,Automatic,3,Mumbai,2016,90469.0,584716
478,Unknown,Unknown,Manual,3,Mumbai,2016,196812.0,674120
479,Mahindra,CNG,Automatic,3,Kolkata,2014,103185.0,581438
480,Ford,Unknown,Manual,2,Unknown,2010,121528.0,824135
481,Ford,Petrol,Unknown,2,Chennai,2021,64557.0,1364008
482,Tata,CNG,Unknown,3,Pune,2023,37317.0,1769024
483,Ford,Petrol,Manual,3,Bangalore,2022,111410.0,1665976
484,Mahindra,Diesel,Automatic,2,Unknown,2010,184363.0,521655
485,Unknown,Diesel,Unknown,3,Hyderabad,2023,36007.0,1243064
486,Maruti,Diesel,Automatic,3,Bangalore,2014,130155.0,281693
487,Honda,Electric,Unknown,2,Bangalore,2012,180207.0,1257840
488,Unknown,Diesel,Automatic,3,Unknown,2010,40187.0,1034794
489,Audi,CNG,Manual,3,Delhi,2011,31028.0,463581
490,Tata,Diesel,Manual,3,Bangalore,2005,178084.0,1638040
491,Ford,Diesel,Manual,2,Pune,2022,113612.0,1769024
492,Honda,Diesel,Automatic,3,Mumbai,2016,190473.0,916609
493,Hyundai,Petrol,Manual,2,Delhi,2020,107621.0,1068763
494,Tata,Electric,Automatic,2,Kolkata,2014,7147.0,1914299
495,Toyota,Electric,Automatic,1,Unknown,2014,171963.0,1878568
496,Mahindra,Electric,Automatic,1,Kolkata,2018,155713.0,1035709
497,Maruti,CNG,Unknown,3,Unknown,2014,97259.0,1671853
498,Unknown,Diesel,Unknown,2,Pune,2014,76356.0,1353405
499,Unknown,Unknown,Automatic,1,Kolkata,2015,141496.0,711516
500,Ford,CNG,Unknown,3,Chennai,2006,109143.0,1116254
501,Mahindra,CNG,Automatic,1,Hyderabad,2012,39808.0,149297
502,Toyota,Petrol,Automatic,1,Unknown,2011,141260.0,1138457
503,Audi,Diesel,Unknown,2,Mumbai,2012,122569.0,1125336
504,Ford,Diesel,Manual,2,Chennai,2005,67257.0,334484
505,Hyundai,Diesel,Manual,1,Pune,2006,96038.0,1565088
506,Unknown,CNG,Unknown,1,Mumbai,2022,37930.0,1691570
507,Audi,CNG,Automatic,2,Delhi,2019,18265.0,724762
508,Unknown,Electric,Unknown,3,Kolkata,2005,186062.0,1380874
509,BMW,Unknown,Unknown,2,Unknown,2009,91296.0,1416015
510,Ford,Unknown,Manual,1,Chennai,2006,79233.0,290128
511,Tata,Unknown,Unknown,3,Delhi,2007,123089.0,1214484
512,Unknown,Unknown,Automatic,1,Delhi,2023,196735.0,1080213
513,Audi,Petrol,Automatic,3,Unknown,2022,182763.0,1706215
514,Maruti,Petrol,Automatic,1,Chennai,2022,20994.0,1407477
515,Maruti,Petrol,Unknown,3,Bangalore,2018,16801.0,1849551
516,Toyota,Electric,Manual,3,Chennai,2012,10057.0,492761
517,Audi,Unknown,Automatic,1,Bangalore,2016,91373.0,1601948
518,Unknown,Diesel,Automatic,3,Pune,2014,194973.0,951271
519,Hyundai,Unknown,Automatic,2,Unknown,2021,185109.0,1207177
520,Mahindra,Petrol,Automatic,1,Pune,2015,123171.0,313933
521,Toyota,Unknown,Manual,2,Hyderabad,2006,160642.0,509898
522,Unknown,Diesel,Manual,1,Chennai,2008,145287.0,788233
523,Audi,Petrol,Manual,3,Kolkata,2005,168535.0,127213
524,Audi,CNG,Unknown,3,Hyderabad,2019,18403.0,263944
525,Tata,Diesel,Manual,3,Delhi,2017,40739.0,1804801
526,Tata,Diesel,Manual,1,Pune,2012,78181.0,885890
527,Honda,Diesel,Unknown,2,Bangalore,2008,28104.0,1979656
528,Maruti,Unknown,Manual,2,Kolkata,2014,63382.0,1849551
529,Audi,CNG,Unknown,1,Chennai,2023,180212.0,712495
530,Audi,Diesel,Automatic,1,Unknown,2022,99699.0,1225269
531,Unknown,Electric,Unknown,2,Delhi,2009,196812.0,1235166
532,Unknown,Unknown,Manual,2,Kolkata,2023,98860.0,1416015
533,Mahindra,Diesel,Manual,2,Hyderabad,2020,148377.0,1123439
534,BMW,CNG,Automatic,2,Kolkata,2005,61096.0,661700
535,Unknown,Petrol,Unknown,1,Bangalore,2016,52657.0,335132
536,Audi,Petrol,Automatic,1,Pune,2006,136301.0,430328
537,Honda,Electric,Manual,3,Kolkata,2012,51737.0,1744173
538,Tata,Petrol,Automatic,2,Mumbai,2022,196191.0,969241
539,Hyundai,CNG,Automatic,3,Mumbai,2020,198442.0,1412032
540,Unknown,Unknown,Automatic,1,Pune,2009,57389.0,661700
541,Ford,Petrol,Automatic,1,Pune,2017,94051.0,1497806
542,Honda,CNG,Unknown,3,Bangalore,2023,36673.0,766252
543,Ford,Diesel,Automatic,2,Bangalore,2007,99699.0,1164941
544,Ford,Unknown,Manual,2,Bangalore,2012,22205.0,959375
545,Toyota,CNG,Automatic,2,Kolkata,2016,151245.0,1327477
546,Hyundai,Unknown,Manual,2,Hyderabad,2006,14336.0,1860968
547,Ford,CNG,Automatic,3,Kolkata,2015,16353.0,1486311
548,Mahindra,Petrol,Automatic,3,Unknown,2016,184006.0,771253
549,BMW,Electric,Manual,1,Chennai,2022,55248.0,260974
550,Mahindra,Unknown,Manual,2,Delhi,2017,178084.0,980255
551,Audi,Electric,Manual,2,Delhi,2009,53037.0,1922584
552,Mahindra,Unknown,Unknown,2,Bangalore,2016,71983.0,1790792
553,Mahindra,Unknown,Unknown,3,Unknown,2006,14479.0,1101040
554,Audi,Diesel,Manual,2,Pune,2009,180599.0,1466851
555,Tata,Diesel,Unknown,3,Bangalore,2011,61677.0,1843355
556,Hyundai,Electric,Automatic,2,Chennai,2016,138058.0,1465359
557,Maruti,CNG,Manual,2,Pune,2020,71617.0,1125336
558,BMW,Unknown,Manual,1,Hyderabad,2012,39929.0,1250127
559,Ford,Unknown,Automatic,2,Mumbai,2013,99533.0,646707
560,BMW,Diesel,Automatic,2,Unknown,2019,63959.0,195696
561,Honda,Diesel,Automatic,1,Pune,2009,99455.0,1682716
562,Hyundai,Unknown,Manual,3,Mumbai,2017,173600.0,667497
563,Maruti,Diesel,Manual,3,Unknown,2009,191790.0,1173120
564,Toyota,Unknown,Automatic,2,Delhi,2015,34332.0,871136
565,Mahindra,CNG,Manual,3,Unknown,2014,78302.0,1851864
566,Toyota,Electric,Manual,2,Unknown,2017,10993.0,1843685
567,Tata,Petrol,Manual,1,Hyderabad,2013,101498.0,402138
568,Unknown,Electric,Unknown,1,Kolkata,2018,75400.0,485114
569,Toyota,CNG,Unknown,2,Bangalore,2022,156895.0,277476
570,Mahindra,CNG,Automatic,1,Unknown,2019,79233.0,1235730
571,BMW,Petrol,Unknown,1,Pune,2014,185536.0,972700
572,Toyota,Unknown,Manual,2,Kolkata,2011,107302.0,242728
573,Ford,Unknown,Automatic,2,Unknown,2012,137851.0,1525196
574,Audi,Diesel,Manual,1,Unknown,2007,182190.0,1643225
575,Unknown,Petrol,Automatic,3,Kolkata,2019,48074.0,1525196
576,Hyundai,Petrol,Unknown,3,Bangalore,2020,90945.0,1716999
577,Unknown,Electric,Automatic,2,Unknown,2008,6906.0,1699572
578,Tata,Electric,Manual,2,Hyderabad,2010,101516.0,644748
579,Honda,CNG,Automatic,3,Unknown,2005,106164.0,1216698
580,Tata,Diesel,Manual,1,Hyderabad,2008,151429.0,1659067
581,Unknown,Diesel,Unknown,3,Bangalore,2015,8320.0,1383326
582,Tata,CNG,Automatic,3,Chennai,2016,32867.0,897271
583,Toyota,CNG,Automatic,3,Pune,2009,164876.0,1426636
584,Ford,Unknown,Automatic,3,Kolkata,2020,164912.0,157175
585,Honda,Petrol,Automatic,2,Bangalore,2017,6132.0,1744173
586,Maruti,Electric,Manual,2,Pune,2017,112441.0,492761
587,Hyundai,CNG,Automatic,1,Bangalore,2021,54756.0,1266680
588,Hyundai,CNG,Manual,1,Kolkata,2011,110433.0,888447
589,Hyundai,Unknown,Automatic,1,Chennai,2012,91322.0,1350844
590,Hyundai,Electric,Unknown,1,Delhi,2017,12170.0,1666137
591,Ford,Unknown,Unknown,3,Mumbai,2020,15737.0,1356501
592,Hyundai,Petrol,Automatic,2,Delhi,2008,55711.0,797389
593,Toyota,Petrol,Automatic,2,Pune,2012,99192.0,1024276
594,Audi,Unknown,Manual,1,Delhi,2020,124156.0,738902
595,Tata,CNG,Automatic,1,Delhi,2014,14583.0,1075924
596,Ford,Diesel,Manual,3,Unknown,2016,180599.0,987880
597,Hyundai,Petrol,Automatic,3,Unknown,2016,154805.0,586598
598,Hyundai,Petrol,Manual,1,Chennai,2009,98831.0,1481040
599,Maruti,Unknown,Manual,2,Unknown,2020,49460.0,485114
600,Hyundai,Petrol,Automatic,2,Delhi,2005,92908.0,1390799
601,Honda,Diesel,Manual,2,Hyderabad,2013,14479.0,374541
602,Hyundai,Diesel,Automatic,1,Hyderabad,2016,152531.0,1618367
603,Maruti,Diesel,Manual,2,Chennai,2009,122369.0,955738
604,Hyundai,Petrol,Manual,3,Chennai,2007,157472.0,1505764
605,Tata,CNG,Automatic,3,Chennai,2009,192054.0,1287171
606,Honda,Petrol,Manual,1,Chennai,2006,118689.0,1552765
607,Toyota,Unknown,Manual,3,Kolkata,2018,10972.0,1123439
608,Mahindra,Diesel,Automatic,1,Mumbai,2006,167297.0,236262
609,Ford,CNG,Manual,2,Mumbai,2017,195189.0,1961753
610,Maruti,Unknown,Unknown,2,Mumbai,2011,63032.0,921247
611,BMW,Electric,Manual,2,Bangalore,2014,23316.0,1552765
612,Ford,CNG,Manual,3,Pune,2017,42146.0,1807557
613,Maruti,Diesel,Automatic,1,Delhi,2020,94367.0,770008
614,Audi,Diesel,Manual,2,Unknown,2018,16801.0,1265179
615,Unknown,Electric,Manual,1,Bangalore,2015,85986.0,943353
616,Maruti,Unknown,Manual,2,Mumbai,2014,45736.0,674699
617,Honda,Electric,Manual,3,Hyderabad,2010,43967.0,952756
618,Audi,CNG,Unknown,3,Delhi,2008,29530.0,1237273
619,BMW,Unknown,Manual,1,Hyderabad,2005,93290.0,1494825
620,Hyundai,CNG,Automatic,3,Hyderabad,2011,99346.0,1161331
621,Honda,Petrol,Unknown,3,Mumbai,2013,134529.0,1876238
622,Toyota,CNG,Automatic,1,Delhi,2012,22948.0,1028665
623,Tata,Unknown,Unknown,2,Chennai,2009,96009.0,1115100
624,Ford,Petrol,Manual,3,Delhi,2023,173001.0,743790
625,Toyota,Electric,Unknown,1,Delhi,2014,113835.0,166691
626,Tata,Diesel,Manual,3,Bangalore,2015,86494.0,1035709
627,BMW,CNG,Automatic,3,Bangalore,2019,63382.0,773882
628,Maruti,Petrol,Automatic,3,Pune,2010,180212.0,967838
629,Honda,CNG,Manual,3,Hyderabad,2019,156697.0,1227640
630,BMW,Unknown,Automatic,1,Pune,2009,118034.0,538863
631,Audi,Diesel,Automatic,1,Mumbai,2023,78169.0,363389
632,Mahindra,Electric,Manual,1,Mumbai,2023,179405.0,162784
633,Mahindra,Unknown,Manual,3,Unknown,2014,180858.0,873372
634,Hyundai,Unknown,Automatic,3,Pune,2016,183428.0,862476
635,Tata,Diesel,Automatic,3,Unknown,2008,197941.0,1767690
636,Mahindra,Diesel,Unknown,1,Chennai,2022,102170.0,1967336
637,Honda,Petrol,Automatic,3,Hyderabad,2020,156341.0,1378971
638,Honda,Unknown,Unknown,2,Pune,2012,159912.0,697823
639,Toyota,Unknown,Automatic,3,Bangalore,2008,87674.0,1527632
640,Maruti,CNG,Manual,2,Chennai,2016,94787.0,859036
641,Toyota,Unknown,Manual,3,Pune,2006,21984.0,1243064
642,Honda,CNG,Automatic,1,Mumbai,2008,83972.0,352313
643,Toyota,Electric,Automatic,3,Bangalore,2009,58014.0,235090
644,Hyundai,Petrol,Manual,2,Kolkata,2007,173606.0,1649648
645,Audi,Unknown,Manual,2,Unknown,2013,38785.0,1637746
646,Mahindra,Petrol,Unknown,3,Bangalore,2022,167701.0,1364008
647,Ford,Unknown,Automatic,2,Bangalore,2015,157472.0,1968521
648,BMW,Unknown,Automatic,2,Mumbai,2007,182190.0,1336541
649,Tata,Unknown,Automatic,1,Hyderabad,2006,180794.0,332366
650,Maruti,Petrol,Manual,3,Bangalore,2013,178820.0,1368470
651,Mahindra,Diesel,Manual,3,Unknown,2018,114349.0,1238986
652,Mahindra,Diesel,Manual,3,Bangalore,2008,25991.0,362199
653,BMW,Diesel,Manual,2,Chennai,2013,151245.0,766252
654,Tata,Petrol,Automatic,3,Hyderabad,2017,107302.0,417798
655,Hyundai,Unknown,Automatic,3,Kolkata,2022,57066.0,1233768
656,Honda,CNG,Unknown,1,Chennai,2019,123623.0,978835
657,Toyota,Diesel,Unknown,1,Chennai,2014,125721.0,821075
658,Ford,Diesel,Manual,1,Unknown,2020,142145.0,1127442
659,Mahindra,CNG,Automatic,2,Delhi,2016,66991.0,993844
660,Toyota,Electric,Automatic,3,Unknown,2009,45733.0,1531177
661,Unknown,CNG,Unknown,1,Mumbai,2006,127002.0,1243064
662,Ford,Unknown,Manual,1,Kolkata,2014,117260.0,880080
663,Honda,CNG,Automatic,1,Hyderabad,2005,104525.0,1689804
664,Hyundai,Unknown,Automatic,3,Bangalore,2011,186071.0,1850866
665,Hyundai,Unknown,Manual,3,Unknown,2021,178820.0,1031310
666,Honda,Diesel,Manual,3,Delhi,2020,65390.0,753080
667,Hyundai,Unknown,Automatic,2,Mumbai,2007,52218.0,1995202
668,Hyundai,Petrol,Automatic,2,Pune,2018,186413.0,943353
669,Honda,Unknown,Manual,1,Bangalore,2014,98144.0,1181159
670,Hyundai,Diesel,Automatic,3,Hyderabad,2011,8981.0,1775017
671,Audi,Unknown,Manual,1,Delhi,2021,102037.0,862476
672,Maruti,Unknown,Automatic,3,Delhi,2010,100335.0,899288
673,Mahindra,Unknown,Manual,3,Mumbai,2008,174400.0,829411
674,Tata,Unknown,Unknown,3,Mumbai,2021,40739.0,888447
675,Unknown,Diesel,Manual,2,Chennai,2013,167735.0,127213
676,Hyundai,Petrol,Manual,2,Kolkata,2008,47879.0,1478280
677,Toyota,CNG,Manual,3,Unknown,2011,63382.0,414444
678,Unknown,Petrol,Manual,1,Kolkata,2006,114381.0,998760
679,Audi,Electric,Automatic,3,Mumbai,2021,109263.0,1733012
680,Audi,Diesel,Manual,3,Chennai,2012,160199.0,1744173
681,Honda,Unknown,Unknown,1,Mumbai,2019,83972.0,720160
682,Hyundai,Electric,Manual,3,Bangalore,2019,177106.0,688510
683,Ford,Unknown,Manual,1,Pune,2012,37334.0,1888702
684,Unknown,Petrol,Manual,2,Delhi,2020,42755.0,1355769
685,Mahindra,Unknown,Manual,2,Mumbai,2023,132514.0,1423995
686,Mahindra,Unknown,Manual,1,Unknown,2015,136001.0,1304665
687,Honda,CNG,Automatic,2,Chennai,2006,16434.0,159072
688,BMW,Electric,Automatic,2,Chennai,2021,70641.0,1151007
689,Hyundai,Unknown,Automatic,1,Delhi,2020,183130.0,1315598
690,Toyota,Petrol,Automatic,2,Bangalore,2019,85021.0,1919456
691,Tata,CNG,Automatic,3,Unknown,2017,20791.0,162784
692,Mahindra,Diesel,Manual,3,Mumbai,2019,112779.0,318431
693,Honda,Petrol,Automatic,1,Chennai,2008,174635.0,357231
694,Hyundai,Diesel,Unknown,2,Delhi,2020,6537.0,430328
695,Ford,Petrol,Automatic,3,Chennai,2016,164633.0,1385979
696,Honda,Petrol,Automatic,3,Delhi,2008,20385.0,1594475
697,Mahindra,Petrol,Manual,2,Kolkata,2007,142145.0,736431
698,Hyundai,Unknown,Automatic,2,Kolkata,2021,52218.0,235090
699,Tata,CNG,Automatic,3,Kolkata,2022,164912.0,956051
700,Mahindra,Unknown,Automatic,3,Bangalore,2022,174331.0,1834805
701,Maruti,CNG,Unknown,1,Kolkata,2021,88028.0,1459948
702,Toyota,Diesel,Manual,1,Pune,2016,174635.0,840957
703,Hyundai,CNG,Manual,3,Chennai,2008,51531.0,335132
704,Maruti,CNG,Automatic,1,Hyderabad,2016,143982.0,598953
705,Unknown,Petrol,Unknown,3,Delhi,2019,199442.0,1729040
706,Toyota,Electric,Manual,3,Mumbai,2020,70641.0,1513311
707,Audi,Diesel,Manual,1,Kolkata,2009,171963.0,1123657
708,Honda,Electric,Manual,1,Bangalore,2019,61630.0,107086
709,Ford,Electric,Manual,2,Pune,2021,180794.0,249457
710,BMW,Petrol,Automatic,2,Chennai,2022,9655.0,920848
711,Mahindra,Petrol,Automatic,2,Unknown,2009,97906.0,1542987
712,Tata,Unknown,Manual,3,Unknown,2017,104122.0,947790
713,Tata,CNG,Manual,1,Unknown,2023,156022.0,1427877
714,Toyota,Petrol,Manual,3,Bangalore,2017,133406.0,927401
715,Unknown,Unknown,Manual,1,Mumbai,2022,25608.0,294243
716,Audi,Petrol,Automatic,3,Chennai,2018,48822.0,1618642
717,Unknown,Electric,Unknown,2,Delhi,2008,36826.0,771064
718,Hyundai,Unknown,Unknown,2,Delhi,2008,53784.0,1993651
719,BMW,Diesel,Manual,2,Pune,2023,22509.0,695976
720,Unknown,Petrol,Unknown,3,Pune,2017,151692.0,380407
721,Hyundai,Petrol,Automatic,1,Unknown,2016,81870.0,107086
722,Maruti,Diesel,Automatic,1,Mumbai,2011,11041.0,285169
723,BMW,Petrol,Automatic,2,Bangalore,2016,6044.0,1161331
724,Mahindra,Electric,Manual,2,Delhi,2008,82926.0,161264
725,Audi,Petrol,Manual,2,Unknown,2006,6620.0,1902348
726,Hyundai,CNG,Manual,2,Kolkata,2006,133411.0,952756
727,BMW,Unknown,Manual,1,Kolkata,2009,92876.0,181238
728,Honda,Unknown,Manual,3,Unknown,2014,175203.0,616187
729,Hyundai,Electric,Automatic,3,Pune,2014,86899.0,617961
730,Hyundai,Diesel,Automatic,3,Chennai,2013,99026.0,1689804
731,Audi,Electric,Automatic,3,Bangalore,2017,115100.0,902523
732,Ford,CNG,Manual,2,Pune,2011,145287.0,1442942
733,Mahindra,CNG,Unknown,2,Chennai,2009,63026.0,578365
734,Toyota,Petrol,Unknown,2,Chennai,2014,85206.0,1666137
735,Audi,Unknown,Automatic,3,Unknown,2014,42420.0,1236078
736,Toyota,CNG,Unknown,2,Unknown,2010,167297.0,1623659
737,Audi,Petrol,Automatic,2,Kolkata,2023,96009.0,1668480
738,Tata,Diesel,Unknown,1,Kolkata,2012,193629.0,965630
739,Toyota,CNG,Manual,1,Hyderabad,2005,107795.0,472333
740,Tata,Unknown,Manual,2,Mumbai,2021,130604.0,1817202
741,Toyota,Unknown,Manual,1,Delhi,2011,175572.0,149297
742,BMW,Unknown,Manual,1,Hyderabad,2018,6906.0,380407
743,Mahindra,Petrol,Manual,2,Kolkata,2021,158832.0,1468465
744,Honda,CNG,Automatic,2,Delhi,2013,122116.0,374541
745,Audi,CNG,Automatic,2,Unknown,2021,97906.0,133734
746,Toyota,Petrol,Automatic,2,Delhi,2009,157376.0,650901
747,Mahindra,Diesel,Manual,3,Bangalore,2012,189875.0,969241
748,Unknown,Unknown,Unknown,3,Hyderabad,2010,138922.0,1986318
749,Ford,Petrol,Automatic,2,Mumbai,2015,62480.0,670141
750,Hyundai,CNG,Manual,1,Delhi,2023,5727.0,1914299
751,Unknown,Diesel,Automatic,2,Bangalore,2008,42146.0,952224
752,Ford,Petrol,Manual,2,Kolkata,2022,19799.0,1206026
753,Toyota,Diesel,Manual,1,Chennai,2005,112092.0,902925
754,Hyundai,Unknown,Unknown,3,Hyderabad,2017,124289.0,891043
755,BMW,Unknown,Manual,2,Pune,2018,61321.0,1781405
756,Ford,Unknown,Automatic,2,Delhi,2005,136301.0,661700
757,Mahindra,CNG,Unknown,3,Unknown,2015,45502.0,709557
758,Audi,Petrol,Automatic,3,Delhi,2021,54402.0,116105
759,BMW,CNG,Manual,1,Unknown,2008,104764.0,1731570
760,Hyundai,CNG,Manual,3,Pune,2016,25365.0,348018
761,Toyota,Unknown,Manual,3,Unknown,2014,132173.0,1138457
762,Honda,Petrol,Automatic,3,Delhi,2010,173913.0,699559
763,BMW,CNG,Automatic,1,Pune,2005,160642.0,402138
764,Maruti,Petrol,Manual,3,Mumbai,2011,71830.0,1444091
765,Mahindra,Diesel,Unknown,3,Delhi,2020,78495.0,736431
766,BMW,Unknown,Automatic,1,Hyderabad,2018,173600.0,462578
767,Audi,CNG,Manual,3,Mumbai,2010,112791.0,738922
768,Toyota,Diesel,Automatic,3,Pune,2009,71060.0,1355769
769,Audi,Diesel,Automatic,1,Delhi,2022,37930.0,1505764
770,Hyundai,CNG,Manual,2,Bangalore,2019,117036.0,1583733
771,Audi,Unknown,Manual,1,Kolkata,2010,18237.0,145784
772,Hyundai,Unknown,Unknown,3,Chennai,2023,99192.0,874560
773,Toyota,Unknown,Automatic,3,Hyderabad,2005,16560.0,341382
774,BMW,Unknown,Automatic,3,Hyderabad,2005,6620.0,742064
775,Hyundai,Diesel,Automatic,1,Unknown,2017,50929.0,626077
776,Honda,Electric,Manual,3,Bangalore,2007,80432.0,111009
777,BMW,CNG,Manual,3,Hyderabad,2014,91296.0,1468465
778,BMW,Diesel,Automatic,1,Unknown,2007,173606.0,243435
779,Ford,Unknown,Manual,2,Kolkata,2013,129336.0,1446879
780,Ford,Petrol,Manual,2,Pune,2012,5767.0,1034794
781,Mahindra,Unknown,Unknown,3,Hyderabad,2007,55755.0,277476
782,Honda,CNG,Unknown,1,Kolkata,2017,167701.0,942997
783,Toyota,Electric,Automatic,3,Hyderabad,2010,171340.0,1823480
784,Hyundai,Electric,Unknown,1,Delhi,2017,42500.0,1977257
785,Unknown,Unknown,Manual,1,Mumbai,2016,158832.0,1498513
786,Mahindra,Electric,Unknown,2,Kolkata,2017,167735.0,880080
787,Tata,Electric,Manual,2,Bangalore,2006,184704.0,166691
788,Tata,Petrol,Unknown,1,Kolkata,2020,63436.0,1374401
789,Unknown,CNG,Unknown,3,Chennai,2010,194773.0,1444091
790,Hyundai,Petrol,Automatic,2,Pune,2023,148377.0,606289
791,Mahindra,Unknown,Unknown,3,Delhi,2017,99699.0,1649648
792,Mahindra,CNG,Automatic,2,Mumbai,2021,61030.0,1100850
793,Ford,Electric,Manual,2,Unknown,2013,25750.0,796362
794,Maruti,Petrol,Automatic,3,Unknown,2021,19650.0,1628249
795,Audi,Petrol,Automatic,2,Hyderabad,2006,62480.0,749362
796,Unknown,Unknown,Manual,2,Chennai,2023,57127.0,717752
797,Mahindra,Petrol,Automatic,3,Hyderabad,2023,8981.0,1347291
798,Ford,Petrol,Unknown,2,Hyderabad,2011,101881.0,1919456
799,Unknown,Petrol,Manual,2,Pune,2014,33036.0,450002
800,BMW,Unknown,Automatic,2,Delhi,2014,67532.0,444937
801,Hyundai,Unknown,Unknown,3,Hyderabad,2013,49912.0,1475330
802,Mahindra,Diesel,Unknown,1,Kolkata,2021,65726.0,1991243
803,Ford,Diesel,Unknown,3,Unknown,2019,34592.0,1564345
804,Tata,Diesel,Automatic,1,Delhi,2006,56586.0,754669
805,BMW,Unknown,Unknown,2,Kolkata,2008,25608.0,975729
806,Unknown,Electric,Automatic,1,Pune,2023,117255.0,721655
807,Unknown,Petrol,Manual,3,Chennai,2021,94743.0,500435
808,Tata,Petrol,Automatic,3,Mumbai,2009,175904.0,958811
809,Hyundai,Petrol,Automatic,2,Chennai,2011,7765.0,1870897
810,Unknown,Electric,Manual,1,Bangalore,2022,17404.0,1840848
811,Audi,Unknown,Automatic,2,Bangalore,2011,191790.0,1762656
812,Hyundai,Diesel,Automatic,2,Kolkata,2021,166409.0,678725
813,Unknown,Petrol,Manual,3,Hyderabad,2011,179405.0,1659067
814,Audi,Petrol,Automatic,1,Pune,2008,48162.0,1039621
815,Mahindra,Unknown,Automatic,1,Unknown,2012,148738.0,993844
816,Mahindra,Diesel,Automatic,1,Bangalore,2017,47968.0,1451197
817,Toyota,Unknown,Manual,1,Bangalore,2008,26322.0,1073458
818,Maruti,Electric,Manual,2,Hyderabad,2010,85206.0,1168307
819,Toyota,Diesel,Manual,2,Mumbai,2009,53928.0,947790
820,Audi,Diesel,Unknown,3,Bangalore,2016,99455.0,1445349
821,Maruti,Petrol,Manual,2,Mumbai,2008,67224.0,311463
822,Toyota,Electric,Automatic,2,Delhi,2013,168004.0,1299029
823,Toyota,Unknown,Manual,3,Kolkata,2008,164472.0,856355
824,Mahindra,Electric,Manual,3,Bangalore,2023,71983.0,988976
825,Unknown,CNG,Unknown,3,Chennai,2018,82597.0,1308957
826,Toyota,Petrol,Automatic,2,Delhi,2009,26576.0,1825450
827,Toyota,Unknown,Manual,2,Hyderabad,2022,120080.0,724762
828,BMW,Unknown,Automatic,3,Bangalore,2014,190473.0,352313
829,Tata,Diesel,Manual,3,Kolkata,2023,75404.0,368602
830,Honda,Unknown,Automatic,3,Chennai,2016,184704.0,1823480
831,Tata,Electric,Automatic,2,Mumbai,2022,186711.0,1892380
832,Hyundai,CNG,Manual,2,Pune,2021,6537.0,1350844
833,Hyundai,Unknown,Manual,1,Mumbai,2015,82658.0,1168086
834,Tata,Unknown,Manual,2,Chennai,2007,104864.0,1878099
835,Tata,Electric,Unknown,2,Bangalore,2021,26602.0,1042529
836,Unknown,Petrol,Unknown,2,Unknown,2005,112561.0,1186985
837,Toyota,Diesel,Manual,3,Delhi,2019,8771.0,1932942
838,Mahindra,Unknown,Automatic,2,Hyderabad,2013,81448.0,856355
839,Ford,Diesel,Manual,3,Mumbai,2019,130695.0,915977
840,Maruti,Diesel,Manual,1,Bangalore,2007,98860.0,1199469
841,Ford,CNG,Automatic,1,Chennai,2023,127689.0,1256813
842,Hyundai,CNG,Unknown,3,Unknown,2017,30993.0,1644360
843,Unknown,Electric,Unknown,3,Bangalore,2016,90469.0,373306
844,Hyundai,Unknown,Automatic,3,Delhi,2005,192054.0,1270589
845,Tata,Diesel,Manual,2,Bangalore,2021,102037.0,1356501
846,Maruti,Petrol,Automatic,1,Delhi,2017,150364.0,975584
847,Unknown,Petrol,Manual,3,Mumbai,2005,49565.0,1870141
848,Mahindra,Unknown,Automatic,2,Pune,2014,107499.0,1406057
849,Mahindra,Electric,Manual,1,Delhi,2019,12265.0,1025581
850,Maruti,Diesel,Automatic,2,Delhi,2011,162255.0,546476
851,BMW,Unknown,Manual,1,Hyderabad,2022,146774.0,1840848
852,Honda,Unknown,Manual,2,Chennai,2020,123454.0,1932979
853,Audi,Unknown,Unknown,1,Mumbai,2018,86199.0,888447
854,Honda,Unknown,Manual,1,Bangalore,2022,97244.0,1200911
855,Hyundai,Diesel,Automatic,2,Hyderabad,2011,42500.0,352313
856,Maruti,Unknown,Manual,3,Bangalore,2021,130155.0,633037
857,Tata,CNG,Manual,1,Pune,2022,43098.0,1192564
858,Mahindra,Unknown,Manual,3,Mumbai,2016,101058.0,1383326
859,Maruti,Unknown,Manual,2,Pune,2012,145824.0,1497433
860,BMW,Unknown,Unknown,3,Bangalore,2006,112967.0,484083
861,Tata,Electric,Manual,3,Hyderabad,2011,75400.0,1361402
862,Mahindra,Petrol,Unknown,3,Kolkata,2008,75871.0,563144
863,Tata,CNG,Automatic,3,Hyderabad,2022,16434.0,531856
864,Tata,Unknown,Automatic,3,Bangalore,2010,109320.0,1702245
865,Mahindra,Unknown,Automatic,1,Bangalore,2013,86932.0,899717
866,Hyundai,Petrol,Automatic,1,Bangalore,2013,110514.0,873589
867,Hyundai,Petrol,Automatic,1,Mumbai,2018,133406.0,1299217
868,Audi,Petrol,Manual,2,Mumbai,2012,137921.0,1638800
869,Unknown,Unknown,Manual,3,Kolkata,2023,66715.0,1211871
870,Toyota,Unknown,Unknown,1,Chennai,2007,146172.0,1800891
871,Honda,Diesel,Unknown,2,Chennai,2022,136042.0,485114
872,Ford,CNG,Unknown,1,Pune,2009,73322.0,1464170
873,Tata,Unknown,Automatic,1,Pune,2018,57389.0,598953
874,Maruti,Unknown,Automatic,3,Delhi,2008,133588.0,232797
875,Hyundai,CNG,Automatic,2,Kolkata,2011,133949.0,1422014
876,BMW,CNG,Automatic,3,Mumbai,2016,131150.0,681154
877,Ford,CNG,Manual,3,Kolkata,2006,174241.0,811232
878,Maruti,Diesel,Automatic,1,Kolkata,2015,180794.0,1174958
879,Honda,CNG,Manual,3,Hyderabad,2018,59943.0,1412032
880,Honda,Electric,Manual,2,Pune,2020,105400.0,157175
881,Ford,Unknown,Unknown,3,Delhi,2010,24360.0,856355
882,Maruti,Electric,Manual,3,Chennai,2008,145287.0,554529
883,Hyundai,Unknown,Manual,3,Hyderabad,2019,136025.0,1181159
884,BMW,Petrol,Manual,1,Chennai,2005,25750.0,383473
885,Hyundai,CNG,Unknown,2,Unknown,2011,30523.0,1214764
886,Ford,Petrol,Automatic,1,Bangalore,2016,28525.0,566441
887,Honda,Diesel,Automatic,1,Bangalore,2014,39808.0,1700931
888,Maruti,Unknown,Unknown,1,Bangalore,2009,196758.0,363389
889,Honda,Unknown,Unknown,1,Bangalore,2016,85664.0,1359112
890,BMW,Petrol,Manual,1,Pune,2022,41839.0,1513664
891,Audi,CNG,Automatic,2,Hyderabad,2014,151245.0,1748406
892,Audi,Unknown,Automatic,3,Hyderabad,2010,86110.0,1478280
893,Toyota,Diesel,Automatic,1,Kolkata,2016,195189.0,1957628
894,Ford,CNG,Manual,1,Unknown,2011,75871.0,1138457
895,Honda,Unknown,Unknown,2,Kolkata,2022,99026.0,1753634
896,Honda,Electric,Automatic,2,Delhi,2006,147001.0,755920
897,Audi,Petrol,Manual,3,Kolkata,2014,34680.0,1293387
898,Maruti,Diesel,Automatic,2,Mumbai,2019,25104.0,1569416
899,Maruti,Unknown,Manual,3,Mumbai,2016,101261.0,1020707
900,Honda,CNG,Manual,1,Hyderabad,2021,85632.0,362199
901,Maruti,Petrol,Automatic,1,Bangalore,2008,184965.0,1524932
902,Hyundai,Unknown,Manual,3,Delhi,2011,129984.0,856355
903,Mahindra,Petrol,Automatic,2,Mumbai,2013,31028.0,722207
904,Tata,Unknown,Automatic,3,Delhi,2023,148518.0,1080213
905,Audi,Diesel,Manual,2,Unknown,2011,6132.0,1220780
906,Audi,Unknown,Unknown,1,Delhi,2006,78495.0,169409
907,Toyota,Diesel,Manual,2,Mumbai,2010,46954.0,825356
908,Honda,Diesel,Manual,3,Chennai,2022,26576.0,1290821
909,Toyota,Petrol,Manual,3,Bangalore,2010,170390.0,1860968
910,Mahindra,Diesel,Manual,1,Unknown,2017,50890.0,420562
911,Honda,Unknown,Manual,2,Delhi,2023,85986.0,176675
912,Ford,Unknown,Automatic,2,Pune,2006,171963.0,619235
913,Tata,Diesel,Unknown,2,Hyderabad,2016,118689.0,423923
914,Mahindra,CNG,Manual,1,Unknown,2019,107511.0,1264650
915,Tata,Unknown,Automatic,2,Hyderabad,2018,195861.0,1849551
916,Honda,Unknown,Automatic,3,Kolkata,2010,168004.0,178097
917,Unknown,CNG,Unknown,2,Delhi,2022,172055.0,1422014
918,BMW,Diesel,Automatic,1,Chennai,2009,37991.0,543148
919,Hyundai,CNG,Manual,2,Chennai,2022,47942.0,1444091
920,Audi,Electric,Manual,2,Unknown,2007,180599.0,993964
921,Tata,Petrol,Automatic,3,Mumbai,2007,112441.0,1449397
922,Audi,Electric,Unknown,2,Mumbai,2014,185764.0,284544
923,BMW,Diesel,Manual,3,Bangalore,2023,155737.0,773882
924,Tata,Unknown,Manual,3,Delhi,2007,123454.0,1410253
925,Maruti,Petrol,Unknown,1,Mumbai,2016,157376.0,224746
926,Honda,CNG,Unknown,3,Unknown,2020,106164.0,1225847
927,Mahindra,CNG,Unknown,3,Chennai,2021,149375.0,1653185
928,Ford,Electric,Automatic,1,Hyderabad,2011,134237.0,1082364
929,Honda,Petrol,Manual,3,Kolkata,2017,31639.0,1527098
930,Hyundai,CNG,Automatic,1,Chennai,2006,104764.0,631598
931,Audi,CNG,Automatic,2,Mumbai,2008,10972.0,816358
932,Unknown,CNG,Manual,1,Mumbai,2014,57389.0,920848
933,Mahindra,Electric,Automatic,3,Bangalore,2011,175904.0,1241766
934,Hyundai,Electric,Automatic,1,Hyderabad,2021,29976.0,1355769
935,Honda,Unknown,Manual,3,Chennai,2010,76356.0,613214
936,Maruti,Diesel,Automatic,2,Delhi,2023,110585.0,742064
937,Unknown,Unknown,Automatic,1,Pune,2009,169404.0,1686308
938,Hyundai,CNG,Unknown,2,Unknown,2014,182190.0,1113847
939,Mahindra,Petrol,Manual,3,Kolkata,2013,35562.0,1183711
940,Honda,Petrol,Manual,3,Kolkata,2017,19591.0,897406
941,Mahindra,Diesel,Automatic,2,Kolkata,2023,33718.0,1580491
942,Ford,Unknown,Manual,1,Bangalore,2010,125721.0,905408
943,Audi,Unknown,Automatic,1,Kolkata,2008,32867.0,497693
944,Honda,Unknown,Automatic,3,Mumbai,2007,108262.0,1338553
945,Maruti,CNG,Manual,2,Hyderabad,2007,70641.0,281693
946,Hyundai,CNG,Automatic,2,Hyderabad,2008,55281.0,1981934
947,Unknown,Petrol,Automatic,1,Delhi,2009,71060.0,312153
948,Audi,Diesel,Manual,1,Kolkata,2012,149825.0,959375
949,Mahindra,CNG,Unknown,1,Unknown,2020,174331.0,122948
950,Ford,Petrol,Unknown,2,Bangalore,2007,193019.0,1569416
951,Ford,Diesel,Automatic,1,Kolkata,2016,157472.0,618728
952,Hyundai,CNG,Automatic,1,Delhi,2012,18265.0,1498513
953,Unknown,Unknown,Automatic,3,Pune,2017,181881.0,367531
954,Tata,Unknown,Unknown,1,Pune,2008,52997.0,955656
955,Toyota,Unknown,Automatic,1,Pune,2018,198709.0,713398
956,Mahindra,Electric,Automatic,2,Unknown,2018,113721.0,862803
957,Maruti,CNG,Unknown,2,Unknown,2017,32818.0,354289
958,Hyundai,Electric,Manual,3,Kolkata,2010,140604.0,667497
959,BMW,Unknown,Unknown,1,Bangalore,2021,156697.0,363389
960,Maruti,Petrol,Manual,3,Unknown,2008,71830.0,496848
961,Ford,CNG,Manual,2,Delhi,2012,105400.0,1860968
962,Honda,Unknown,Manual,3,Unknown,2021,157131.0,1554430
963,Toyota,Diesel,Unknown,2,Bangalore,2007,132514.0,383473
964,Honda,CNG,Unknown,3,Delhi,2021,29624.0,650901
965,Toyota,CNG,Automatic,3,Hyderabad,2013,83218.0,1287171
966,BMW,Petrol,Automatic,1,Mumbai,2006,104976.0,1020707
967,Honda,Diesel,Automatic,3,Bangalore,2017,43967.0,1555455
968,Mahindra,Diesel,Unknown,1,Bangalore,2006,194832.0,1307989
969,Tata,Petrol,Automatic,1,Delhi,2015,31572.0,1294730
970,Ford,Petrol,Manual,1,Mumbai,2019,156697.0,1545138
971,Unknown,Unknown,Manual,1,Delhi,2015,61321.0,1464170
972,BMW,Diesel,Automatic,3,Chennai,2007,85664.0,631598
973,Honda,CNG,Automatic,2,Delhi,2007,96038.0,1843685
974,Maruti,Diesel,Manual,2,Hyderabad,2016,183130.0,851938
975,Honda,Unknown,Manual,2,Mumbai,2009,52218.0,1236078
976,Mahindra,Diesel,Unknown,3,Unknown,2011,51694.0,736438
977,Maruti,CNG,Manual,1,Unknown,2011,107511.0,1866299
978,Tata,Unknown,Automatic,2,Bangalore,2017,18237.0,1173120
979,Mahindra,Unknown,Unknown,3,Kolkata,2013,49565.0,1819799
980,Toyota,Petrol,Automatic,1,Kolkata,2017,81298.0,1892380
981,BMW,Unknown,Manual,2,Unknown,2016,80403.0,1783887
982,Hyundai,CNG,Automatic,1,Pune,2017,82028.0,1618642
983,Maruti,CNG,Unknown,2,Delhi,2014,147509.0,712495
984,BMW,Petrol,Automatic,2,Hyderabad,2005,129984.0,1174958
985,Tata,Petrol,Unknown,2,Hyderabad,2012,140958.0,1643225
986,Ford,Unknown,Manual,1,Hyderabad,2020,199442.0,376999
987,Tata,CNG,Automatic,3,Bangalore,2017,112791.0,526941
988,Honda,CNG,Automatic,1,Unknown,2007,88028.0,1878568
989,Audi,Unknown,Unknown,2,Unknown,2007,162359.0,1466851
990,BMW,Unknown,Manual,1,Mumbai,2009,92908.0,1142536
991,Ford,Petrol,Unknown,3,Delhi,2015,109672.0,145784
992,Honda,Electric,Automatic,1,Mumbai,2011,124324.0,1468608
993,Mahindra,Petrol,Manual,3,Kolkata,2014,46256.0,1538291
994,Toyota,Unknown,Manual,3,Hyderabad,2014,26322.0,107086
995,Maruti,Electric,Unknown,1,Hyderabad,2006,129336.0,998760
996,Unknown,Unknown,Manual,2,Chennai,2007,118689.0,313299
997,Hyundai,Petrol,Manual,3,Pune,2012,166564.0,1264650
998,Unknown,Petrol,Manual,1,Bangalore,2015,116850.0,159072
999,Tata,Diesel,Unknown,3,Chennai,2017,73322.0,967838
