car_brand,fuel_type,transmission,owner_type,city,year,km_driven,price
Toyota,Petrol,Manual,Third,Hyderabad,2020,185905 km,₹220627
,CNG,Manual,First,Bangalore,2009,28723 km,₹915977
BMW,,,First,,2020,133921 km,₹598953
Mahindra,,Manual,Third,,2007,112791 km,₹1449397
Hyundai,,Manual,Second,,2019,150693 km,₹1383644
Hyundai,Electric,Automatic,Third,Kolkata,2007,52657 km,₹494775
Maruti,Electric,Automatic,Third,Kolkata,2018,102352 km,₹581247
Audi,,Automatic,Second,Mumbai,2020,48162 km,₹1059991
Ford,Diesel,Manual,Third,Bangalore,2021,30345 km,₹1247419
BMW,CNG,Automatic,Third,Chennai,2022,46846 km,₹1863796
Maruti,Diesel,Manual,Third,Kolkata,2022,16353 km,₹716552
,,Manual,Second,,2018,22558 km,₹1413122
Audi,,,First,Mumbai,2022,34545 km,₹1719110
Honda,Petrol,Manual,First,,2019,174635 km,₹318431
Hyundai,,Automatic,Second,Hyderabad,2019,91155 km,₹1409989
Hyundai,,Automatic,First,Hyderabad,2010,173606 km,₹398113
Toyota,Petrol,Manual,Third,Mumbai,2019,55711 km,₹224034
Mahindra,CNG,,First,Delhi,2022,194921 km,₹304335
Tata,,Manual,Third,Pune,2008,182145 km,₹1238986
Honda,Petrol,Automatic,First,Hyderabad,2012,16953 km,₹658745
Ford,Electric,,Second,Mumbai,2019,83972 km,₹1053646
Hyundai,Diesel,Automatic,First,Pune,2007,139585 km,₹1264650
Honda,,,First,,2019,89361 km,₹776067
Toyota,,Manual,First,Kolkata,2017,75400 km,₹1090562
Tata,,Automatic,Second,,2013,182190 km,₹749001
BMW,CNG,Manual,First,Chennai,2006,130942 km,₹1785960
Hyundai,,Automatic,Second,Bangalore,2012,78313 km,₹1328004
Mahindra,,,Third,Kolkata,2021,192871 km,₹1719110
Mahindra,Diesel,Manual,First,Chennai,2017,132514 km,₹1207177
Maruti,,Automatic,Second,Delhi,2005,196303 km,₹494775
Ford,Petrol,Manual,Second,Bangalore,2006,40031 km,₹564710
Hyundai,CNG,Automatic,First,Chennai,2019,29624 km,₹1957628
Maruti,Diesel,Automatic,Third,Bangalore,2016,49565 km,₹380407
,Petrol,,Second,Bangalore,2018,66554 km,₹413673
,Petrol,Automatic,First,Bangalore,2006,174578 km,₹1156504
Audi,Electric,Manual,Third,Delhi,2022,107621 km,₹1505764
Toyota,Diesel,Manual,Second,Hyderabad,2011,45733 km,₹1646790
Maruti,,Manual,Second,Pune,2010,6537 km,₹489913
Ford,Petrol,Manual,Third,Hyderabad,2018,85729 km,₹1888702
Tata,Diesel,Manual,Third,Mumbai,2012,136841 km,₹1839329
Hyundai,CNG,,First,Bangalore,2006,88049 km,₹1097150
Tata,,Automatic,First,Hyderabad,2021,121088 km,₹988976
Maruti,Diesel,Automatic,Second,Pune,2009,87315 km,₹969241
,Electric,Manual,Third,Pune,2018,37376 km,₹1681436
Honda,,,Third,Bangalore,2007,165576 km,₹833307
Ford,Electric,Automatic,Third,,2009,98650 km,₹1589720
Toyota,Diesel,Manual,Second,Bangalore,2020,111553 km,₹967190
Mahindra,Petrol,Automatic,Third,Chennai,2022,12957 km,₹1582024
Mahindra,,Automatic,Third,Hyderabad,2021,121116 km,₹1834719
Hyundai,Petrol,Manual,Second,Pune,2015,68745 km,₹891624
,,Automatic,First,Bangalore,2021,96009 km,₹1084825
BMW,CNG,Automatic,First,Chennai,2020,109672 km,₹290128
,,Manual,Second,Kolkata,2006,66892 km,₹1660767
Audi,,,Third,Bangalore,2008,79233 km,₹1158067
Mahindra,,,Second,Mumbai,2011,130788 km,₹1410253
,Diesel,Automatic,First,Bangalore,2006,108002 km,₹951980
Maruti,,Automatic,First,,2010,86899 km,₹1027473
Hyundai,CNG,Automatic,Second,Delhi,2021,80432 km,₹770008
Maruti,CNG,Automatic,Second,,2011,89361 km,₹1834805
Toyota,Electric,Automatic,First,Pune,2009,72560 km,₹720160
Toyota,,Manual,Second,,2009,75246 km,₹1512011
Honda,,Automatic,First,,2020,136301 km,₹272687
Audi,,,Second,Chennai,2023,104108 km,₹713398
Toyota,CNG,Automatic,Second,Mumbai,2013,57224 km,₹521655
Honda,CNG,Manual,Second,Mumbai,2009,153620 km,₹1466851
Mahindra,,Automatic,First,Mumbai,2012,31393 km,₹1687138
Hyundai,Diesel,Manual,Second,Hyderabad,2013,63026 km,₹1407477
Audi,Petrol,Manual,First,Bangalore,2009,19016 km,₹1995202
Maruti,Diesel,Manual,First,Bangalore,2014,25002 km,₹346889
,Diesel,Manual,Second,Chennai,2006,6541 km,₹1028665
BMW,Diesel,Automatic,Second,,2013,161323 km,₹1102297
Hyundai,Diesel,Automatic,First,Mumbai,2015,159682 km,₹1241766
Maruti,Petrol,Manual,First,Delhi,2008,113721 km,₹1728853
Audi,Petrol,,Third,Delhi,2006,147003 km,₹1102297
BMW,,,First,,2010,179750 km,₹1646790
BMW,CNG,,Third,Hyderabad,2018,70030 km,₹650901
BMW,Diesel,Manual,Third,Bangalore,2005,137851 km,₹951980
Maruti,Electric,Automatic,Third,Mumbai,2022,59225 km,₹952756
Toyota,Diesel,,Second,Bangalore,2011,159912 km,₹958811
Hyundai,,Automatic,Second,Delhi,2005,16801 km,₹975729
Audi,,Manual,First,,2005,75404 km,₹1564003
Ford,Petrol,Manual,Third,Kolkata,2005,109843 km,₹980255
Toyota,CNG,Automatic,Second,Chennai,2008,99346 km,₹484083
Maruti,,,Second,,2008,168898 km,₹1843685
Toyota,,Automatic,Second,Bangalore,2022,22509 km,₹1410253
Toyota,CNG,Automatic,Second,Hyderabad,2015,58014 km,₹132161
BMW,Electric,Manual,Second,,2005,196349 km,₹1525196
Ford,Petrol,Automatic,Third,Bangalore,2014,104525 km,₹263944
Audi,,,Third,Kolkata,2013,123142 km,₹885890
Tata,Diesel,Manual,Third,Bangalore,2008,144805 km,₹1560687
Hyundai,,Automatic,Third,Bangalore,2010,166409 km,₹260974
BMW,Electric,,First,Delhi,2020,90366 km,₹1220780
BMW,Electric,Manual,Third,Chennai,2006,170278 km,₹1361402
Mahindra,CNG,Automatic,Second,Kolkata,2022,41674 km,₹1545138
BMW,Diesel,Manual,Third,,2014,52599 km,₹1581257
Tata,Petrol,Automatic,First,Hyderabad,2021,76805 km,₹1804801
Mahindra,Diesel,Automatic,Second,,2017,63436 km,₹381941
Tata,Petrol,Automatic,Third,Kolkata,2022,153210 km,₹1661021
Maruti,,Automatic,Third,Mumbai,2017,132101 km,₹1982184
Hyundai,Diesel,Manual,Third,Pune,2021,5074 km,₹388569
Maruti,Petrol,,Second,Delhi,2009,109843 km,₹1892380
Ford,,Automatic,Second,Hyderabad,2015,169760 km,₹364954
Toyota,,Manual,First,,2011,85729 km,₹1438352
Mahindra,,Automatic,Second,Mumbai,2014,75309 km,₹243435
,,Automatic,Second,Kolkata,2021,34592 km,₹1317745
Honda,Petrol,Manual,Third,Hyderabad,2019,14336 km,₹1616925
Tata,Diesel,,Second,Pune,2022,15976 km,₹1407981
BMW,,,Third,Chennai,2023,176236 km,₹1545138
Honda,Electric,Manual,Third,Bangalore,2006,82928 km,₹885890
Maruti,Petrol,,Second,Delhi,2008,97259 km,₹1585148
Honda,,Manual,First,Mumbai,2007,21984 km,₹1916740
Hyundai,Diesel,Manual,First,Delhi,2011,14583 km,₹578365
,Diesel,Manual,Second,Pune,2022,88049 km,₹241519
Audi,CNG,,First,Delhi,2014,98650 km,₹738902
Ford,CNG,Automatic,Third,,2011,106164 km,₹1977257
Audi,CNG,Manual,Third,Pune,2012,34592 km,₹1445349
Audi,Petrol,Automatic,Second,Hyderabad,2010,55281 km,₹1295055
Hyundai,,Automatic,First,Chennai,2005,108399 km,₹1142536
Audi,Diesel,Manual,First,Pune,2008,87315 km,₹633857
Mahindra,Petrol,,Third,,2018,196191 km,₹1466851
Audi,,,Second,Delhi,2021,180794 km,₹235090
Audi,,Automatic,First,Bangalore,2022,182274 km,₹658745
Toyota,,,Second,Kolkata,2015,182190 km,₹1027476
Hyundai,,Automatic,First,Delhi,2018,111732 km,₹1718635
Honda,Electric,,Third,Delhi,2013,195545 km,₹1352566
Tata,CNG,Automatic,Third,Chennai,2019,101090 km,₹1883367
Audi,Petrol,Automatic,Second,Delhi,2016,145562 km,₹1243064
Audi,CNG,Manual,Third,Pune,2014,70140 km,₹756763
Maruti,Diesel,,First,Mumbai,2023,104273 km,₹1062494
Mahindra,Diesel,Automatic,Third,,2023,121528 km,₹724588
Tata,,Manual,Second,Kolkata,2010,127961 km,₹1781405
Honda,CNG,Manual,Second,Hyderabad,2010,140772 km,₹400406
Hyundai,Petrol,Automatic,Second,Hyderabad,2012,34685 km,₹606528
Toyota,Diesel,Automatic,First,,2005,134529 km,₹1919848
,Electric,Automatic,First,Mumbai,2021,84622 km,₹1919848
Toyota,Petrol,,First,,2021,124774 km,₹1724841
Mahindra,,Manual,First,Kolkata,2019,145565 km,₹1328004
BMW,CNG,Automatic,First,Kolkata,2011,91148 km,₹1031310
Toyota,CNG,Manual,Third,Pune,2023,84622 km,₹1229433
,CNG,,First,Bangalore,2007,195545 km,₹534174
,,,First,Chennai,2015,20994 km,₹980255
Honda,Diesel,Automatic,Third,Kolkata,2023,123972 km,₹526941
Tata,Electric,Automatic,First,Delhi,2013,29363 km,₹364954
Toyota,CNG,Manual,Second,Kolkata,2014,51694 km,₹217408
Honda,Diesel,Automatic,First,Bangalore,2006,111080 km,₹1781405
Maruti,,,First,Mumbai,2005,63047 km,₹475903
Ford,,Automatic,Second,Delhi,2020,70886 km,₹291848
Mahindra,Electric,Manual,Second,Delhi,2022,112044 km,₹1442942
Maruti,,Automatic,Second,Pune,2021,174331 km,₹1059991
Honda,,,Second,Mumbai,2010,166838 km,₹1374585
,,Manual,First,,2018,62894 km,₹787318
Honda,,Manual,Second,Pune,2019,79854 km,₹269446
Hyundai,Electric,Automatic,Second,Mumbai,2018,32867 km,₹510568
Tata,Electric,,Third,Hyderabad,2007,168535 km,₹788233
,Electric,Manual,Second,,2023,115100 km,₹169409
Honda,,Manual,Second,Kolkata,2016,165014 km,₹1878099
Ford,Petrol,Manual,Third,Delhi,2006,24252 km,₹1996615
BMW,,Manual,Third,,2007,178084 km,₹249457
Honda,,Automatic,First,Kolkata,2022,79329 km,
BMW,Petrol,Automatic,Third,Mumbai,2005,61630 km,₹709557
Toyota,,Automatic,First,Delhi,2010,162255 km,₹617961
Ford,Petrol,Automatic,Third,Pune,2009,184965 km,₹554988
Ford,Diesel,Manual,Third,Mumbai,2005,82926 km,₹460565
Mahindra,,,First,Kolkata,2023,66720 km,₹1986318
Maruti,Petrol,Automatic,Third,Bangalore,2005,86899 km,₹1806422
Audi,,,First,,2020,171562 km,₹833946
Toyota,,Automatic,Third,Pune,2016,173455 km,₹724588
Hyundai,CNG,Manual,Second,Mumbai,2012,102247 km,₹840957
Maruti,Petrol,Automatic,Third,Mumbai,2020,73322 km,₹1116254
Mahindra,Diesel,Manual,First,Pune,2005,78366 km,₹936209
Ford,Electric,Automatic,Third,Kolkata,2008,48822 km,₹1427877
Maruti,,Manual,First,Kolkata,2014,182523 km,₹1643630
Mahindra,Electric,Manual,First,Bangalore,2015,70867 km,₹402138
Honda,Diesel,,Second,Mumbai,2021,168898 km,₹1832679
Ford,Electric,Manual,Second,Delhi,2011,122569 km,₹594523
Hyundai,CNG,,First,Hyderabad,2016,79233 km,₹104331
Ford,,Manual,Third,Delhi,2011,102352 km,₹1227640
Toyota,Petrol,Automatic,First,Chennai,2016,195912 km,₹1638800
,,Automatic,First,Hyderabad,2019,41839 km,₹231436
Hyundai,CNG,Automatic,Third,,2006,176236 km,₹825356
Toyota,,Manual,Third,Bangalore,2018,102247 km,₹225555
Hyundai,Diesel,Manual,Third,Bangalore,2017,60809 km,₹1407477
,Electric,Manual,Third,Hyderabad,2008,86494 km,₹133734
Audi,,Manual,First,Hyderabad,2018,112112 km,₹586598
Honda,Petrol,Automatic,First,Bangalore,2018,75404 km,₹1200911
Ford,,,Second,,2020,181789 km,₹1084825
Audi,Electric,,First,,2011,66192 km,₹617961
Mahindra,Petrol,Automatic,Third,Mumbai,2023,165897 km,₹440459
Mahindra,Diesel,Automatic,Second,Mumbai,2006,82926 km,₹1383326
Honda,,Automatic,Third,Pune,2014,40031 km,₹587335
Maruti,Petrol,Manual,First,Kolkata,2022,167434 km,₹312854
Audi,CNG,,Second,Delhi,2021,140604 km,₹1585148
,Diesel,Automatic,Third,Hyderabad,2009,37888 km,₹1082364
Ford,Electric,Automatic,Second,Hyderabad,2016,19799 km,₹1979656
Toyota,Petrol,Manual,Second,Mumbai,2010,181789 km,₹417798
Toyota,,Automatic,First,Hyderabad,2013,156022 km,₹1802858
BMW,,Automatic,Third,,2005,123171 km,₹169409
Audi,,,Second,Delhi,2019,192054 km,₹1046301
Audi,,Automatic,Second,Bangalore,2010,14190 km,₹1033432
BMW,Petrol,Manual,Third,Chennai,2023,150693 km,₹1811382
Ford,,,Second,,2022,127689 km,₹122948
Maruti,Petrol,Manual,Second,,2010,176929 km,₹122948
Hyundai,Petrol,Automatic,Second,Chennai,2017,7251 km,₹1555105
Audi,Diesel,Manual,Third,Kolkata,2005,112092 km,₹1760102
Ford,CNG,Automatic,Third,Pune,2017,19650 km,₹1702245
Maruti,,,Third,Pune,2011,42755 km,₹1356501
Hyundai,Electric,Manual,Third,Bangalore,2019,164876 km,₹873589
Ford,CNG,,First,Mumbai,2016,175457 km,₹959004
Maruti,Diesel,Manual,Second,Bangalore,2005,144294 km,₹1870897
Hyundai,,,Third,Pune,2019,184006 km,₹1214484
Mahindra,CNG,Automatic,Second,Delhi,2008,36007 km,₹766775
Ford,CNG,,Second,,2017,117113 km,₹1542987
Ford,Petrol,Manual,First,Mumbai,2009,11789 km,₹1779612
Honda,,,Third,Mumbai,2006,18288 km,₹594209
BMW,Electric,Automatic,Third,Pune,2005,154634 km,₹1583708
Honda,Diesel,Manual,Second,Hyderabad,2020,72819 km,₹248395
Toyota,Petrol,,Third,Delhi,2010,35562 km,₹1694550
BMW,Electric,Manual,Second,Bangalore,2020,137965 km,₹484083
Ford,Electric,,Second,,2018,167046 km,₹1176837
Audi,Diesel,Manual,First,Bangalore,2007,170278 km,₹697202
Ford,,Automatic,First,Bangalore,2019,166805 km,₹352313
Mahindra,Petrol,Automatic,First,Kolkata,2007,6468 km,₹987880
Maruti,CNG,Manual,Second,Delhi,2006,117196 km,₹713794
Toyota,,Manual,Third,Chennai,2005,24643 km,₹1229433
Honda,CNG,Manual,First,Chennai,2013,130580 km,₹1423995
Honda,Electric,Automatic,Third,Bangalore,2013,170278 km,₹1115100
,Diesel,Manual,First,Bangalore,2011,22482 km,₹896867
Toyota,Diesel,Automatic,First,Delhi,2007,6132 km,₹116105
Audi,,Manual,Second,Bangalore,2022,93780 km,₹712495
Ford,CNG,Manual,First,Delhi,2015,107302 km,₹272687
BMW,,Automatic,First,Kolkata,2011,25365 km,₹1053646
Mahindra,Diesel,Manual,Second,Chennai,2013,84553 km,₹736438
Mahindra,Diesel,,Third,Chennai,2005,65726 km,₹703359
Tata,Petrol,,First,,2018,134237 km,₹947790
Hyundai,Electric,Automatic,Second,Hyderabad,2010,66715 km,₹755362
BMW,Diesel,Automatic,First,Delhi,2011,69994 km,₹1581257
Honda,,,Second,,2014,59943 km,₹316915
Maruti,CNG,Manual,Third,Mumbai,2011,149258 km,₹1131477
Ford,,Manual,Third,Delhi,2006,196174 km,₹667497
Hyundai,Petrol,Manual,Second,Kolkata,2008,161080 km,₹352313
,,Automatic,Second,Pune,2021,7251 km,₹1407066
,,Manual,Second,Chennai,2005,121116 km,₹1142536
,,Automatic,Third,Bangalore,2014,145061 km,₹1785960
Toyota,,,First,Pune,2023,66715 km,₹1999955
Maruti,,,Third,Bangalore,2019,166358 km,₹716552
,Electric,Automatic,Second,,2014,49377 km,₹891043
Tata,Petrol,Manual,Second,Mumbai,2023,78366 km,₹1123439
,Petrol,,Third,,2016,159169 km,₹1025581
,,Automatic,Second,Pune,2020,71617 km,₹607730
Audi,Electric,Manual,Third,Kolkata,2013,185324 km,₹1164941
Honda,,Manual,Second,Hyderabad,2019,53928 km,₹1235730
Toyota,CNG,,First,Hyderabad,2021,117260 km,₹1564345
Audi,Petrol,Automatic,First,Bangalore,2018,33251 km,₹288210
Toyota,Petrol,,Second,Mumbai,2022,42500 km,₹1304665
Hyundai,Electric,,Third,Mumbai,2006,140864 km,₹1138457
Mahindra,CNG,Automatic,First,,2008,193019 km,₹505732
,Diesel,Automatic,Third,Kolkata,2022,29398 km,₹955738
Ford,CNG,Automatic,Second,Chennai,2011,160642 km,₹888447
Mahindra,Petrol,Manual,Third,Mumbai,2017,137851 km,₹364954
Maruti,CNG,Automatic,First,Chennai,2019,167297 km,₹1700931
Ford,Diesel,Automatic,Third,Hyderabad,2005,55508 km,₹1507356
,,Automatic,Third,Chennai,2015,160917 km,₹1977257
Hyundai,Diesel,,Second,Kolkata,2014,67257 km,₹191679
Mahindra,CNG,Automatic,Second,,2009,127872 km,₹1101040
Audi,Petrol,Automatic,Second,Mumbai,2020,186798 km,₹269446
BMW,Petrol,Automatic,First,Chennai,2015,136025 km,₹770008
Ford,Diesel,Automatic,First,Chennai,2010,167434 km,₹1327201
BMW,CNG,Automatic,Second,Bangalore,2013,99699 km,₹724588
Toyota,Electric,Manual,Second,Mumbai,2017,25991 km,₹1140444
Honda,Diesel,Automatic,First,Delhi,2012,146822 km,₹1466851
Audi,Electric,Manual,First,,2018,174400 km,₹1101198
Audi,,Manual,First,Chennai,2005,88028 km,₹195696
Audi,,Automatic,First,Pune,2021,179077 km,₹167421
,Petrol,Automatic,Second,,2009,75309 km,₹1062816
Mahindra,CNG,,First,Kolkata,2006,147001 km,₹1207177
Mahindra,Petrol,Automatic,Second,Mumbai,2013,48822 km,₹134112
BMW,Diesel,Automatic,Third,Pune,2008,70747 km,₹1233243
Ford,,Automatic,Third,Chennai,2021,104273 km,₹449454
BMW,Petrol,Automatic,First,Kolkata,2021,150417 km,₹1308957
BMW,CNG,Manual,Third,Kolkata,2022,87674 km,₹722207
Audi,Electric,Manual,Third,Hyderabad,2020,169404 km,₹526941
Toyota,,Manual,Third,Bangalore,2012,153778 km,₹1088539
Toyota,CNG,Automatic,First,Kolkata,2015,143982 km,₹1802424
Maruti,Petrol,Manual,First,Delhi,2022,102382 km,₹703359
Mahindra,Diesel,Manual,Third,Mumbai,2014,66715 km,₹1336541
Maruti,CNG,Manual,Second,Bangalore,2017,37317 km,₹891624
Tata,Petrol,,Third,Delhi,2021,157324 km,₹880080
Mahindra,Diesel,Manual,First,Mumbai,2022,9655 km,₹334484
Honda,Petrol,Automatic,First,Kolkata,2014,94743 km,₹511811
Mahindra,Petrol,Manual,First,,2020,129481 km,₹1802424
Maruti,Diesel,Automatic,Third,Bangalore,2009,74351 km,₹621998
Maruti,Petrol,Manual,Second,Bangalore,2017,98650 km,₹1804801
Audi,CNG,Manual,First,Bangalore,2022,179405 km,₹578365
Toyota,Electric,Automatic,First,Bangalore,2021,10993 km,₹891624
Hyundai,,Manual,Third,Delhi,2013,153394 km,₹1569416
Mahindra,Diesel,Manual,Second,,2018,152531 km,₹1628249
BMW,Petrol,Manual,Third,Mumbai,2021,99455 km,₹902925
Honda,Petrol,Manual,First,Chennai,2008,17963 km,₹1138457
Ford,Electric,Manual,Second,Delhi,2022,118034 km,₹111009
Maruti,,Manual,Second,,2019,89664 km,₹1101198
Maruti,Petrol,,First,Kolkata,2015,61017 km,₹1769024
Mahindra,,Automatic,Second,,2016,174176 km,₹998633
Mahindra,Petrol,Automatic,Second,Kolkata,2013,174241 km,₹1409977
Ford,CNG,Manual,Third,Bangalore,2017,90366 km,₹1649648
BMW,,,First,Bangalore,2019,54434 km,₹1174958
,,Manual,First,Hyderabad,2019,115100 km,₹616187
Mahindra,,Manual,First,Chennai,2009,106387 km,₹1628914
Toyota,,Automatic,First,Pune,2023,61096 km,₹194154
BMW,Diesel,Manual,First,Delhi,2018,105846 km,₹1686308
Honda,,Manual,Second,Delhi,2021,62705 km,₹1028665
Tata,Petrol,Automatic,Third,Pune,2022,78495 km,₹771064
Maruti,,,First,Pune,2007,136301 km,₹1755464
Maruti,CNG,Automatic,Third,Kolkata,2006,31393 km,₹681154
,,Automatic,Third,Mumbai,2005,75871 km,₹241519
Audi,CNG,,Second,Pune,2014,61630 km,₹255049
Ford,Electric,Manual,First,Mumbai,2023,65091 km,₹1608834
Tata,CNG,Manual,Second,Delhi,2021,82462 km,₹851259
Hyundai,,Manual,First,Chennai,2016,90374 km,₹1410253
Hyundai,Petrol,Automatic,Second,Mumbai,2005,194937 km,₹224034
Honda,Petrol,Automatic,Third,Mumbai,2016,31028 km,₹1304665
Mahindra,Diesel,,First,Bangalore,2021,75400 km,₹224034
BMW,Petrol,Automatic,Third,Bangalore,2007,7251 km,₹624658
Ford,,Automatic,Third,Delhi,2015,164472 km,₹159072
Honda,Diesel,Manual,Second,Delhi,2021,144195 km,₹1374401
,,,First,Mumbai,2007,108863 km,₹1034794
BMW,Diesel,,Third,Delhi,2012,38785 km,₹670141
Mahindra,Petrol,,Second,Hyderabad,2008,52657 km,₹1046301
Ford,,Manual,First,Bangalore,2011,162255 km,₹1848071
Tata,Electric,Automatic,First,Bangalore,2018,47968 km,₹132161
Honda,CNG,Manual,Third,Bangalore,2018,178820 km,₹392759
Toyota,CNG,Manual,First,Hyderabad,2008,145319 km,₹1540334
BMW,,Manual,Third,,2020,104122 km,₹1406057
Maruti,Diesel,Automatic,First,Kolkata,2005,163253 km,₹1720866
Hyundai,,Automatic,Second,Kolkata,2021,73653 km,₹1735086
Maruti,,Manual,Third,Pune,2014,186062 km,₹787635
Maruti,Electric,Manual,Third,Hyderabad,2020,179750 km,₹688510
Audi,Petrol,Automatic,First,Pune,2020,157472 km,₹793812
BMW,Electric,Manual,First,Mumbai,2012,109843 km,₹1088539
Tata,Petrol,Manual,Third,Mumbai,2011,145790 km,₹967838
Maruti,Petrol,Automatic,First,Bangalore,2010,197385 km,₹1366560
Tata,Diesel,Automatic,Second,,2020,95748 km,₹1790336
Tata,CNG,Manual,First,Pune,2020,111732 km,₹749362
Hyundai,,Manual,Second,Kolkata,2011,49247 km,₹1334599
Tata,,Manual,Second,Bangalore,2013,14583 km,₹1438352
Toyota,,,Second,Chennai,2018,64412 km,₹1304491
Ford,CNG,Automatic,Second,Mumbai,2015,169404 km,₹361674
Ford,Diesel,Automatic,Second,Mumbai,2018,151150 km,₹799793
Maruti,Diesel,Manual,First,Kolkata,2011,129481 km,₹1957628
Toyota,,Automatic,Second,Pune,2005,159682 km,₹538863
Ford,Petrol,Manual,First,Bangalore,2017,6044 km,₹902925
Mahindra,,Automatic,Second,Kolkata,2007,42420 km,₹899288
Audi,CNG,,Third,Bangalore,2008,94846 km,₹230334
Ford,CNG,Automatic,Second,,2015,105400 km,₹1776466
Hyundai,,,Third,Bangalore,2006,125050 km,₹1540334
Maruti,CNG,Automatic,Second,Bangalore,2018,85664 km,₹1201751
Ford,,Manual,Second,Bangalore,2016,46846 km,₹1918352
Maruti,,,Second,Mumbai,2021,6906 km,₹486354
Mahindra,CNG,Manual,Third,Delhi,2016,120074 km,₹713398
,Diesel,Automatic,Third,Hyderabad,2016,25750 km,₹1236078
Mahindra,CNG,Manual,Second,,2005,31028 km,₹1850866
Toyota,,Manual,First,Kolkata,2017,73653 km,₹885890
Ford,Diesel,Automatic,Second,Mumbai,2018,120652 km,₹670141
Tata,Electric,Manual,Third,Pune,2006,79854 km,₹564710
Mahindra,Electric,Automatic,Second,Delhi,2016,83218 km,₹1219234
,,Automatic,Third,Delhi,2020,105814 km,₹1293582
Toyota,Petrol,Manual,Third,Hyderabad,2008,55390 km,₹980255
,,Manual,Third,Pune,2012,84732 km,₹1466851
,,Automatic,Second,Delhi,2006,101516 km,₹771502
Hyundai,Petrol,Manual,Third,Delhi,2014,6468 km,₹736438
Maruti,Diesel,Automatic,Third,,2013,157647 km,₹1527098
Hyundai,,Automatic,Second,Delhi,2019,153778 km,₹489913
Maruti,Petrol,,Third,Chennai,2017,186787 km,₹312153
Maruti,,Automatic,Second,Pune,2021,35461 km,₹1882258
Ford,CNG,Automatic,Third,Delhi,2020,90945 km,₹1624061
Maruti,Diesel,Automatic,First,Mumbai,2006,41839 km,₹363389
Toyota,,Manual,First,Bangalore,2018,98860 km,₹268678
Audi,CNG,Manual,Third,Kolkata,2007,43098 km,₹1466851
Maruti,CNG,Automatic,First,Pune,2016,119176 km,₹1790792
Audi,Diesel,Automatic,Second,Hyderabad,2012,139854 km,₹686470
Honda,CNG,Automatic,First,,2006,71830 km,₹1744173
Hyundai,Petrol,,Third,Kolkata,2008,159607 km,₹754669
Ford,Diesel,,Third,Chennai,2018,86199 km,₹1701207
Ford,,,Second,Chennai,2020,6044 km,₹100801
Audi,Diesel,Automatic,Third,Hyderabad,2023,76743 km,₹350319
BMW,Electric,Manual,Second,Hyderabad,2006,50890 km,₹1513664
Audi,Diesel,Automatic,First,Pune,2016,14589 km,₹1256649
Honda,,Manual,First,Hyderabad,2018,82707 km,₹1583733
Hyundai,Petrol,Automatic,Second,Delhi,2010,14583 km,₹1374401
BMW,,Automatic,Second,Chennai,2017,180212 km,₹1075924
Audi,CNG,Automatic,Third,Bangalore,2008,6537 km,₹1451197
,Diesel,Manual,First,Mumbai,2022,78366 km,₹1704933
Tata,Petrol,Manual,Second,Delhi,2016,74603 km,₹444937
Toyota,Petrol,Automatic,First,Hyderabad,2023,87674 km,₹959004
BMW,CNG,Manual,Second,Pune,2012,85729 km,₹649656
Toyota,Diesel,,First,Bangalore,2011,158470 km,₹1588702
,,Manual,Third,Chennai,2020,111410 km,₹712082
Audi,CNG,Manual,First,Pune,2023,91155 km,₹765491
Tata,Diesel,Manual,First,Mumbai,2010,42201 km,
BMW,Electric,Automatic,First,Hyderabad,2015,78313 km,₹927401
BMW,,Automatic,First,Kolkata,2009,106387 km,₹1643630
Hyundai,Petrol,Manual,First,Kolkata,2020,10972 km,₹1192564
,Petrol,Manual,Third,Hyderabad,2011,107511 km,₹1839103
Mahindra,Petrol,Automatic,Second,Pune,2009,150693 km,₹484083
Audi,,Manual,First,Delhi,2015,39550 km,₹602850
Toyota,Electric,Automatic,Third,Bangalore,2019,146439 km,₹1374585
Audi,CNG,Automatic,First,Delhi,2007,81478 km,₹1101720
Toyota,,Manual,First,,2009,132173 km,₹873589
Maruti,,Manual,Second,Mumbai,2009,196428 km,₹1275913
,CNG,,First,Mumbai,2013,123972 km,₹1172718
Maruti,,Automatic,Third,,2019,158832 km,₹1993190
Toyota,Diesel,Automatic,Third,,2007,32818 km,₹999751
,Petrol,Manual,Second,Kolkata,2010,37317 km,₹727395
,Diesel,Automatic,First,Delhi,2021,22558 km,₹1385979
Mahindra,Petrol,Manual,Third,Delhi,2012,92876 km,₹1475330
Ford,CNG,Automatic,First,Chennai,2015,70614 km,₹566516
Tata,,,First,Mumbai,2010,19650 km,₹392552
Honda,Petrol,Manual,First,Delhi,2012,137654 km,₹294243
Toyota,Petrol,Manual,Second,Chennai,2014,29976 km,₹624436
Ford,CNG,Manual,First,,2007,8320 km,₹1299029
BMW,,Manual,Third,Bangalore,2018,139854 km,₹1826327
BMW,Diesel,Manual,First,Hyderabad,2018,163099 km,₹633037
BMW,CNG,Manual,Third,Hyderabad,2014,32818 km,₹1686314
Maruti,Petrol,Automatic,First,Bangalore,2016,127357 km,₹1958770
Tata,Petrol,Automatic,Third,Hyderabad,2010,24252 km,₹1266680
Maruti,,Manual,Third,Mumbai,2016,49377 km,₹1209229
Mahindra,,,First,Mumbai,2018,28723 km,₹1080043
Tata,Petrol,Manual,First,Hyderabad,2006,58502 km,₹1466851
Audi,,,Third,Delhi,2013,146267 km,₹554529
Toyota,Electric,Manual,Second,,2014,73681 km,₹590783
Hyundai,,,First,Mumbai,2021,122369 km,₹1888702
Hyundai,CNG,Automatic,Second,Pune,2021,10544 km,₹1908570
BMW,CNG,,First,Chennai,2007,168535 km,₹1832679
Ford,CNG,,First,Mumbai,2023,141149 km,₹724588
Hyundai,Electric,Manual,First,Delhi,2005,47968 km,₹1265179
Maruti,Petrol,,First,Hyderabad,2016,196996 km,₹662886
BMW,Petrol,Manual,Second,Kolkata,2011,61920 km,₹104331
Maruti,Diesel,Manual,First,,2008,176999 km,₹1986318
Audi,,Manual,Third,Pune,2014,193674 km,₹624436
BMW,Diesel,Automatic,Third,Kolkata,2017,31572 km,₹1698515
Maruti,Electric,Manual,Second,Hyderabad,2006,47879 km,₹917060
Maruti,,Automatic,First,Kolkata,2014,35562 km,₹1861568
,Petrol,Automatic,Third,Pune,2008,197180 km,₹1123439
Toyota,Electric,Automatic,Second,Hyderabad,2022,109263 km,₹1059991
Toyota,CNG,,First,Kolkata,2009,9551 km,₹462578
Audi,,Automatic,Third,Chennai,2023,143928 km,₹486354
,Petrol,Manual,Third,Kolkata,2006,54756 km,₹881704
,Electric,Manual,Second,Pune,2016,9055 km,₹1744173
BMW,,Manual,First,Mumbai,2021,155737 km,₹462355
Toyota,,Manual,First,Delhi,2014,81407 km,₹413673
Maruti,Electric,Manual,Third,Chennai,2006,96656 km,₹917060
BMW,CNG,Manual,Third,Pune,2010,106505 km,₹1638040
Mahindra,Electric,,Third,Kolkata,2012,163698 km,₹1102297
Tata,,Automatic,First,Mumbai,2023,167434 km,₹634255
,CNG,Manual,Second,Kolkata,2015,105417 km,₹1219234
Hyundai,Petrol,Automatic,Second,,2016,189875 km,₹1700931
Tata,,Manual,First,Mumbai,2013,123558 km,₹1285560
Maruti,Electric,Automatic,Second,,2006,42500 km,₹1552765
Tata,Electric,Automatic,Third,,2012,55713 km,₹277265
Maruti,Diesel,Automatic,Second,Kolkata,2015,58014 km,₹270923
Hyundai,Electric,Automatic,Second,Kolkata,2008,48890 km,₹646982
Hyundai,Diesel,,Second,,2014,149258 km,₹485114
Ford,Electric,,Third,Hyderabad,2020,157472 km,₹1706215
BMW,Petrol,Automatic,First,Bangalore,2012,149434 km,₹500435
Mahindra,Electric,Automatic,Third,Kolkata,2008,111410 km,₹1653416
,,Automatic,First,Hyderabad,2014,179750 km,₹670141
Toyota,Petrol,Manual,First,Pune,2016,74468 km,₹364954
Honda,,Manual,First,Bangalore,2018,192871 km,₹1982184
Audi,CNG,Manual,Second,Kolkata,2020,112648 km,₹1691711
Honda,,Automatic,Second,Delhi,2022,86171 km,₹1493526
,,Automatic,First,,2016,55468 km,₹1454945
Maruti,CNG,Manual,First,Bangalore,2022,181789 km,₹1538291
,,,Second,Mumbai,2011,151115 km,₹586598
Maruti,,,Third,Chennai,2011,68745 km,₹543148
Audi,CNG,Automatic,First,Delhi,2013,147509 km,₹350319
Mahindra,Diesel,Automatic,Third,Hyderabad,2005,82225 km,₹1551887
,Electric,,Second,,2010,101261 km,₹1982184
Maruti,,Manual,First,Kolkata,2010,127863 km,₹1531177
Mahindra,,Automatic,Third,Mumbai,2016,90469 km,₹584716
,,Manual,Third,Mumbai,2016,196812 km,₹674120
Mahindra,CNG,Automatic,Third,Kolkata,2014,103185 km,₹581438
Ford,,Manual,Second,,2010,121528 km,₹824135
Ford,Petrol,,Second,Chennai,2021,64557 km,₹1364008
Tata,CNG,,Third,Pune,2023,37317 km,₹1769024
Ford,Petrol,Manual,Third,Bangalore,2022,111410 km,₹1665976
Mahindra,Diesel,Automatic,Second,,2010,184363 km,₹521655
,Diesel,,Third,Hyderabad,2023,36007 km,₹1243064
Maruti,Diesel,Automatic,Third,Bangalore,2014,130155 km,₹281693
Honda,Electric,,Second,Bangalore,2012,180207 km,₹1257840
,Diesel,Automatic,Third,,2010,40187 km,₹1034794
Audi,CNG,Manual,Third,Delhi,2011,31028 km,₹463581
Tata,Diesel,Manual,Third,Bangalore,2005,178084 km,₹1638040
Ford,Diesel,Manual,Second,Pune,2022,113612 km,₹1769024
Honda,Diesel,Automatic,Third,Mumbai,2016,190473 km,₹916609
Hyundai,Petrol,Manual,Second,Delhi,2020,107621 km,₹1068763
Tata,Electric,Automatic,Second,Kolkata,2014,7147 km,₹1914299
Toyota,Electric,Automatic,First,,2014,171963 km,₹1878568
Mahindra,Electric,Automatic,First,Kolkata,2018,155713 km,₹1035709
Maruti,CNG,,Third,,2014,97259 km,₹1671853
,Diesel,,Second,Pune,2014,76356 km,₹1353405
,,Automatic,First,Kolkata,2015,141496 km,₹711516
Ford,CNG,,Third,Chennai,2006,109143 km,₹1116254
Mahindra,CNG,Automatic,First,Hyderabad,2012,39808 km,₹149297
Toyota,Petrol,Automatic,First,,2011,141260 km,₹1138457
Audi,Diesel,,Second,Mumbai,2012,122569 km,₹1125336
Ford,Diesel,Manual,Second,Chennai,2005,67257 km,₹334484
Hyundai,Diesel,Manual,First,Pune,2006,96038 km,₹1565088
,CNG,,First,Mumbai,2022,37930 km,₹1691570
Audi,CNG,Automatic,Second,Delhi,2019,18265 km,₹724762
,Electric,,Third,Kolkata,2005,186062 km,₹1380874
BMW,,,Second,,2009,91296 km,₹1416015
Ford,,Manual,First,Chennai,2006,79233 km,₹290128
Tata,,,Third,Delhi,2007,123089 km,₹1214484
,,Automatic,First,Delhi,2023,196735 km,₹1080213
Audi,Petrol,Automatic,Third,,2022,182763 km,₹1706215
Maruti,Petrol,Automatic,First,Chennai,2022,20994 km,₹1407477
Maruti,Petrol,,Third,Bangalore,2018,16801 km,₹1849551
Toyota,Electric,Manual,Third,Chennai,2012,10057 km,₹492761
Audi,,Automatic,First,Bangalore,2016,91373 km,₹1601948
,Diesel,Automatic,Third,Pune,2014,194973 km,₹951271
Hyundai,,Automatic,Second,,2021,185109 km,₹1207177
Mahindra,Petrol,Automatic,First,Pune,2015,123171 km,₹313933
Toyota,,Manual,Second,Hyderabad,2006,160642 km,₹509898
,Diesel,Manual,First,Chennai,2008,145287 km,₹788233
Audi,Petrol,Manual,Third,Kolkata,2005,168535 km,₹127213
Audi,CNG,,Third,Hyderabad,2019,18403 km,₹263944
Tata,Diesel,Manual,Third,Delhi,2017,40739 km,₹1804801
Tata,Diesel,Manual,First,Pune,2012,78181 km,₹885890
Honda,Diesel,,Second,Bangalore,2008,28104 km,₹1979656
Maruti,,Manual,Second,Kolkata,2014,63382 km,₹1849551
Audi,CNG,,First,Chennai,2023,180212 km,₹712495
Audi,Diesel,Automatic,First,,2022,99699 km,₹1225269
,Electric,,Second,Delhi,2009,196812 km,₹1235166
,,Manual,Second,Kolkata,2023,98860 km,₹1416015
Mahindra,Diesel,Manual,Second,Hyderabad,2020,148377 km,₹1123439
BMW,CNG,Automatic,Second,Kolkata,2005,61096 km,₹661700
,Petrol,,First,Bangalore,2016,52657 km,₹335132
Audi,Petrol,Automatic,First,Pune,2006,136301 km,₹430328
Honda,Electric,Manual,Third,Kolkata,2012,51737 km,₹1744173
Tata,Petrol,Automatic,Second,Mumbai,2022,196191 km,₹969241
Hyundai,CNG,Automatic,Third,Mumbai,2020,198442 km,₹1412032
,,Automatic,First,Pune,2009,57389 km,₹661700
Ford,Petrol,Automatic,First,Pune,2017,94051 km,₹1497806
Honda,CNG,,Third,Bangalore,2023,36673 km,₹766252
Ford,Diesel,Automatic,Second,Bangalore,2007,99699 km,₹1164941
Ford,,Manual,Second,Bangalore,2012,22205 km,₹959375
Toyota,CNG,Automatic,Second,Kolkata,2016,151245 km,₹1327477
Hyundai,,Manual,Second,Hyderabad,2006,14336 km,₹1860968
Ford,CNG,Automatic,Third,Kolkata,2015,16353 km,₹1486311
Mahindra,Petrol,Automatic,Third,,2016,184006 km,₹771253
BMW,Electric,Manual,First,Chennai,2022,55248 km,₹260974
Mahindra,,Manual,Second,Delhi,2017,178084 km,₹980255
Audi,Electric,Manual,Second,Delhi,2009,53037 km,₹1922584
Mahindra,,,Second,Bangalore,2016,71983 km,₹1790792
Mahindra,,,Third,,2006,14479 km,₹1101040
Audi,Diesel,Manual,Second,Pune,2009,180599 km,₹1466851
Tata,Diesel,,Third,Bangalore,2011,61677 km,₹1843355
Hyundai,Electric,Automatic,Second,Chennai,2016,138058 km,₹1465359
Maruti,CNG,Manual,Second,Pune,2020,71617 km,₹1125336
BMW,,Manual,First,Hyderabad,2012,39929 km,₹1250127
Ford,,Automatic,Second,Mumbai,2013,99533 km,₹646707
BMW,Diesel,Automatic,Second,,2019,63959 km,₹195696
Honda,Diesel,Automatic,First,Pune,2009,99455 km,₹1682716
Hyundai,,Manual,Third,Mumbai,2017,173600 km,₹667497
Maruti,Diesel,Manual,Third,,2009,191790 km,₹1173120
Toyota,,Automatic,Second,Delhi,2015,34332 km,₹871136
Mahindra,CNG,Manual,Third,,2014,78302 km,₹1851864
Toyota,Electric,Manual,Second,,2017,10993 km,₹1843685
Tata,Petrol,Manual,First,Hyderabad,2013,101498 km,₹402138
,Electric,,First,Kolkata,2018,75400 km,₹485114
Toyota,CNG,,Second,Bangalore,2022,156895 km,₹277476
Mahindra,CNG,Automatic,First,,2019,79233 km,₹1235730
BMW,Petrol,,First,Pune,2014,185536 km,₹972700
Toyota,,Manual,Second,Kolkata,2011,107302 km,₹242728
Ford,,Automatic,Second,,2012,137851 km,₹1525196
Audi,Diesel,Manual,First,,2007,182190 km,₹1643225
,Petrol,Automatic,Third,Kolkata,2019,48074 km,₹1525196
Hyundai,Petrol,,Third,Bangalore,2020,90945 km,₹1716999
,Electric,Automatic,Second,,2008,6906 km,₹1699572
Tata,Electric,Manual,Second,Hyderabad,2010,101516 km,₹644748
Honda,CNG,Automatic,Third,,2005,106164 km,₹1216698
Tata,Diesel,Manual,First,Hyderabad,2008,151429 km,₹1659067
,Diesel,,Third,Bangalore,2015,8320 km,₹1383326
Tata,CNG,Automatic,Third,Chennai,2016,32867 km,₹897271
Toyota,CNG,Automatic,Third,Pune,2009,164876 km,₹1426636
Ford,,Automatic,Third,Kolkata,2020,164912 km,₹157175
Honda,Petrol,Automatic,Second,Bangalore,2017,6132 km,₹1744173
Maruti,Electric,Manual,Second,Pune,2017,112441 km,₹492761
Hyundai,CNG,Automatic,First,Bangalore,2021,54756 km,₹1266680
Hyundai,CNG,Manual,First,Kolkata,2011,110433 km,₹888447
Hyundai,,Automatic,First,Chennai,2012,91322 km,₹1350844
Hyundai,Electric,,First,Delhi,2017,12170 km,₹1666137
Ford,,,Third,Mumbai,2020,15737 km,₹1356501
Hyundai,Petrol,Automatic,Second,Delhi,2008,55711 km,₹797389
Toyota,Petrol,Automatic,Second,Pune,2012,99192 km,₹1024276
Audi,,Manual,First,Delhi,2020,124156 km,₹738902
Tata,CNG,Automatic,First,Delhi,2014,14583 km,₹1075924
Ford,Diesel,Manual,Third,,2016,180599 km,₹987880
Hyundai,Petrol,Automatic,Third,,2016,154805 km,₹586598
Hyundai,Petrol,Manual,First,Chennai,2009,98831 km,₹1481040
Maruti,,Manual,Second,,2020,49460 km,₹485114
Hyundai,Petrol,Automatic,Second,Delhi,2005,92908 km,₹1390799
Honda,Diesel,Manual,Second,Hyderabad,2013,14479 km,₹374541
Hyundai,Diesel,Automatic,First,Hyderabad,2016,152531 km,₹1618367
Maruti,Diesel,Manual,Second,Chennai,2009,122369 km,₹955738
Hyundai,Petrol,Manual,Third,Chennai,2007,157472 km,₹1505764
Tata,CNG,Automatic,Third,Chennai,2009,192054 km,₹1287171
Honda,Petrol,Manual,First,Chennai,2006,118689 km,₹1552765
Toyota,,Manual,Third,Kolkata,2018,10972 km,₹1123439
Mahindra,Diesel,Automatic,First,Mumbai,2006,167297 km,₹236262
Ford,CNG,Manual,Second,Mumbai,2017,195189 km,₹1961753
Maruti,,,Second,Mumbai,2011,63032 km,₹921247
BMW,Electric,Manual,Second,Bangalore,2014,23316 km,₹1552765
Ford,CNG,Manual,Third,Pune,2017,42146 km,₹1807557
Maruti,Diesel,Automatic,First,Delhi,2020,94367 km,₹770008
Audi,Diesel,Manual,Second,,2018,16801 km,₹1265179
,Electric,Manual,First,Bangalore,2015,85986 km,₹943353
Maruti,,Manual,Second,Mumbai,2014,45736 km,₹674699
Honda,Electric,Manual,Third,Hyderabad,2010,43967 km,₹952756
Audi,CNG,,Third,Delhi,2008,29530 km,₹1237273
BMW,,Manual,First,Hyderabad,2005,93290 km,₹1494825
Hyundai,CNG,Automatic,Third,Hyderabad,2011,99346 km,₹1161331
Honda,Petrol,,Third,Mumbai,2013,134529 km,₹1876238
Toyota,CNG,Automatic,First,Delhi,2012,22948 km,₹1028665
Tata,,,Second,Chennai,2009,96009 km,₹1115100
Ford,Petrol,Manual,Third,Delhi,2023,173001 km,₹743790
Toyota,Electric,,First,Delhi,2014,113835 km,₹166691
Tata,Diesel,Manual,Third,Bangalore,2015,86494 km,₹1035709
BMW,CNG,Automatic,Third,Bangalore,2019,63382 km,₹773882
Maruti,Petrol,Automatic,Third,Pune,2010,180212 km,₹967838
Honda,CNG,Manual,Third,Hyderabad,2019,156697 km,₹1227640
BMW,,Automatic,First,Pune,2009,118034 km,₹538863
Audi,Diesel,Automatic,First,Mumbai,2023,78169 km,₹363389
Mahindra,Electric,Manual,First,Mumbai,2023,179405 km,₹162784
Mahindra,,Manual,Third,,2014,180858 km,₹873372
Hyundai,,Automatic,Third,Pune,2016,183428 km,₹862476
Tata,Diesel,Automatic,Third,,2008,197941 km,₹1767690
Mahindra,Diesel,,First,Chennai,2022,102170 km,₹1967336
Honda,Petrol,Automatic,Third,Hyderabad,2020,156341 km,₹1378971
Honda,,,Second,Pune,2012,159912 km,₹697823
Toyota,,Automatic,Third,Bangalore,2008,87674 km,₹1527632
Maruti,CNG,Manual,Second,Chennai,2016,94787 km,₹859036
Toyota,,Manual,Third,Pune,2006,21984 km,₹1243064
Honda,CNG,Automatic,First,Mumbai,2008,83972 km,₹352313
Toyota,Electric,Automatic,Third,Bangalore,2009,58014 km,₹235090
Hyundai,Petrol,Manual,Second,Kolkata,2007,173606 km,₹1649648
Audi,,Manual,Second,,2013,38785 km,₹1637746
Mahindra,Petrol,,Third,Bangalore,2022,167701 km,₹1364008
Ford,,Automatic,Second,Bangalore,2015,157472 km,₹1968521
BMW,,Automatic,Second,Mumbai,2007,182190 km,₹1336541
Tata,,Automatic,First,Hyderabad,2006,180794 km,₹332366
Maruti,Petrol,Manual,Third,Bangalore,2013,178820 km,₹1368470
Mahindra,Diesel,Manual,Third,,2018,114349 km,₹1238986
Mahindra,Diesel,Manual,Third,Bangalore,2008,25991 km,₹362199
BMW,Diesel,Manual,Second,Chennai,2013,151245 km,₹766252
Tata,Petrol,Automatic,Third,Hyderabad,2017,107302 km,₹417798
Hyundai,,Automatic,Third,Kolkata,2022,57066 km,₹1233768
Honda,CNG,,First,Chennai,2019,123623 km,₹978835
Toyota,Diesel,,First,Chennai,2014,125721 km,₹821075
Ford,Diesel,Manual,First,,2020,142145 km,₹1127442
Mahindra,CNG,Automatic,Second,Delhi,2016,66991 km,₹993844
Toyota,Electric,Automatic,Third,,2009,45733 km,₹1531177
,CNG,,First,Mumbai,2006,127002 km,₹1243064
Ford,,Manual,First,Kolkata,2014,117260 km,₹880080
Honda,CNG,Automatic,First,Hyderabad,2005,104525 km,₹1689804
Hyundai,,Automatic,Third,Bangalore,2011,186071 km,₹1850866
Hyundai,,Manual,Third,,2021,178820 km,₹1031310
Honda,Diesel,Manual,Third,Delhi,2020,65390 km,₹753080
Hyundai,,Automatic,Second,Mumbai,2007,52218 km,₹1995202
Hyundai,Petrol,Automatic,Second,Pune,2018,186413 km,₹943353
Honda,,Manual,First,Bangalore,2014,98144 km,₹1181159
Hyundai,Diesel,Automatic,Third,Hyderabad,2011,8981 km,₹1775017
Audi,,Manual,First,Delhi,2021,102037 km,₹862476
Maruti,,Automatic,Third,Delhi,2010,100335 km,₹899288
Mahindra,,Manual,Third,Mumbai,2008,174400 km,₹829411
Tata,,,Third,Mumbai,2021,40739 km,₹888447
,Diesel,Manual,Second,Chennai,2013,167735 km,₹127213
Hyundai,Petrol,Manual,Second,Kolkata,2008,47879 km,₹1478280
Toyota,CNG,Manual,Third,,2011,63382 km,₹414444
,Petrol,Manual,First,Kolkata,2006,114381 km,₹998760
Audi,Electric,Automatic,Third,Mumbai,2021,109263 km,₹1733012
Audi,Diesel,Manual,Third,Chennai,2012,160199 km,₹1744173
Honda,,,First,Mumbai,2019,83972 km,₹720160
Hyundai,Electric,Manual,Third,Bangalore,2019,177106 km,₹688510
Ford,,Manual,First,Pune,2012,37334 km,₹1888702
,Petrol,Manual,Second,Delhi,2020,42755 km,₹1355769
Mahindra,,Manual,Second,Mumbai,2023,132514 km,₹1423995
Mahindra,,Manual,First,,2015,136001 km,₹1304665
Honda,CNG,Automatic,Second,Chennai,2006,16434 km,₹159072
BMW,Electric,Automatic,Second,Chennai,2021,70641 km,₹1151007
Hyundai,,Automatic,First,Delhi,2020,183130 km,₹1315598
Toyota,Petrol,Automatic,Second,Bangalore,2019,85021 km,₹1919456
Tata,CNG,Automatic,Third,,2017,20791 km,₹162784
Mahindra,Diesel,Manual,Third,Mumbai,2019,112779 km,₹318431
Honda,Petrol,Automatic,First,Chennai,2008,174635 km,₹357231
Hyundai,Diesel,,Second,Delhi,2020,6537 km,₹430328
Ford,Petrol,Automatic,Third,Chennai,2016,164633 km,₹1385979
Honda,Petrol,Automatic,Third,Delhi,2008,20385 km,₹1594475
Mahindra,Petrol,Manual,Second,Kolkata,2007,142145 km,₹736431
Hyundai,,Automatic,Second,Kolkata,2021,52218 km,₹235090
Tata,CNG,Automatic,Third,Kolkata,2022,164912 km,₹956051
Mahindra,,Automatic,Third,Bangalore,2022,174331 km,₹1834805
Maruti,CNG,,First,Kolkata,2021,88028 km,₹1459948
Toyota,Diesel,Manual,First,Pune,2016,174635 km,₹840957
Hyundai,CNG,Manual,Third,Chennai,2008,51531 km,₹335132
Maruti,CNG,Automatic,First,Hyderabad,2016,143982 km,₹598953
,Petrol,,Third,Delhi,2019,199442 km,₹1729040
Toyota,Electric,Manual,Third,Mumbai,2020,70641 km,₹1513311
Audi,Diesel,Manual,First,Kolkata,2009,171963 km,₹1123657
Honda,Electric,Manual,First,Bangalore,2019,61630 km,₹107086
Ford,Electric,Manual,Second,Pune,2021,180794 km,₹249457
BMW,Petrol,Automatic,Second,Chennai,2022,9655 km,₹920848
Mahindra,Petrol,Automatic,Second,,2009,97906 km,₹1542987
Tata,,Manual,Third,,2017,104122 km,₹947790
Tata,CNG,Manual,First,,2023,156022 km,₹1427877
Toyota,Petrol,Manual,Third,Bangalore,2017,133406 km,₹927401
,,Manual,First,Mumbai,2022,25608 km,₹294243
Audi,Petrol,Automatic,Third,Chennai,2018,48822 km,₹1618642
,Electric,,Second,Delhi,2008,36826 km,₹771064
Hyundai,,,Second,Delhi,2008,53784 km,₹1993651
BMW,Diesel,Manual,Second,Pune,2023,22509 km,₹695976
,Petrol,,Third,Pune,2017,151692 km,₹380407
Hyundai,Petrol,Automatic,First,,2016,81870 km,₹107086
Maruti,Diesel,Automatic,First,Mumbai,2011,11041 km,₹285169
BMW,Petrol,Automatic,Second,Bangalore,2016,6044 km,₹1161331
Mahindra,Electric,Manual,Second,Delhi,2008,82926 km,₹161264
Audi,Petrol,Manual,Second,,2006,6620 km,₹1902348
Hyundai,CNG,Manual,Second,Kolkata,2006,133411 km,₹952756
BMW,,Manual,First,Kolkata,2009,92876 km,₹181238
Honda,,Manual,Third,,2014,175203 km,₹616187
Hyundai,Electric,Automatic,Third,Pune,2014,86899 km,₹617961
Hyundai,Diesel,Automatic,Third,Chennai,2013,,₹1689804
Audi,Electric,Automatic,Third,Bangalore,2017,115100 km,₹902523
Ford,CNG,Manual,Second,Pune,2011,145287 km,₹1442942
Mahindra,CNG,,Second,Chennai,2009,63026 km,₹578365
Toyota,Petrol,,Second,Chennai,2014,85206 km,₹1666137
Audi,,Automatic,Third,,2014,42420 km,₹1236078
Toyota,CNG,,Second,,2010,167297 km,₹1623659
Audi,Petrol,Automatic,Second,Kolkata,2023,96009 km,₹1668480
Tata,Diesel,,First,Kolkata,2012,193629 km,₹965630
Toyota,CNG,Manual,First,Hyderabad,2005,107795 km,₹472333
Tata,,Manual,Second,Mumbai,2021,130604 km,₹1817202
Toyota,,Manual,First,Delhi,2011,175572 km,₹149297
BMW,,Manual,First,Hyderabad,2018,6906 km,₹380407
Mahindra,Petrol,Manual,Second,Kolkata,2021,158832 km,₹1468465
Honda,CNG,Automatic,Second,Delhi,2013,122116 km,₹374541
Audi,CNG,Automatic,Second,,2021,97906 km,₹133734
Toyota,Petrol,Automatic,Second,Delhi,2009,157376 km,₹650901
Mahindra,Diesel,Manual,Third,Bangalore,2012,189875 km,₹969241
,,,Third,Hyderabad,2010,138922 km,₹1986318
Ford,Petrol,Automatic,Second,Mumbai,2015,62480 km,₹670141
Hyundai,CNG,Manual,First,Delhi,2023,5727 km,₹1914299
,Diesel,Automatic,Second,Bangalore,2008,42146 km,₹952224
Ford,Petrol,Manual,Second,Kolkata,2022,19799 km,₹1206026
Toyota,Diesel,Manual,First,Chennai,2005,112092 km,₹902925
Hyundai,,,Third,Hyderabad,2017,124289 km,₹891043
BMW,,Manual,Second,Pune,2018,61321 km,₹1781405
Ford,,Automatic,Second,Delhi,2005,136301 km,₹661700
Mahindra,CNG,,Third,,2015,45502 km,₹709557
Audi,Petrol,Automatic,Third,Delhi,2021,54402 km,₹116105
BMW,CNG,Manual,First,,2008,104764 km,₹1731570
Hyundai,CNG,Manual,Third,Pune,2016,25365 km,₹348018
Toyota,,Manual,Third,,2014,132173 km,₹1138457
Honda,Petrol,Automatic,Third,Delhi,2010,173913 km,₹699559
BMW,CNG,Automatic,First,Pune,2005,160642 km,₹402138
Maruti,Petrol,Manual,Third,Mumbai,2011,71830 km,₹1444091
Mahindra,Diesel,,Third,Delhi,2020,78495 km,₹736431
BMW,,Automatic,First,Hyderabad,2018,173600 km,₹462578
Audi,CNG,Manual,Third,Mumbai,2010,112791 km,₹738922
Toyota,Diesel,Automatic,Third,Pune,2009,71060 km,₹1355769
Audi,Diesel,Automatic,First,Delhi,2022,37930 km,₹1505764
Hyundai,CNG,Manual,Second,Bangalore,2019,117036 km,₹1583733
Audi,,Manual,First,Kolkata,2010,18237 km,₹145784
Hyundai,,,Third,Chennai,2023,99192 km,₹874560
Toyota,,Automatic,Third,Hyderabad,2005,16560 km,₹341382
BMW,,Automatic,Third,Hyderabad,2005,6620 km,₹742064
Hyundai,Diesel,Automatic,First,,2017,50929 km,₹626077
Honda,Electric,Manual,Third,Bangalore,2007,80432 km,₹111009
BMW,CNG,Manual,Third,Hyderabad,2014,91296 km,₹1468465
BMW,Diesel,Automatic,First,,2007,173606 km,₹243435
Ford,,Manual,Second,Kolkata,2013,129336 km,₹1446879
Ford,Petrol,Manual,Second,Pune,2012,5767 km,₹1034794
Mahindra,,,Third,Hyderabad,2007,55755 km,₹277476
Honda,CNG,,First,Kolkata,2017,167701 km,₹942997
Toyota,Electric,Automatic,Third,Hyderabad,2010,171340 km,₹1823480
Hyundai,Electric,,First,Delhi,2017,42500 km,₹1977257
,,Manual,First,Mumbai,2016,158832 km,₹1498513
Mahindra,Electric,,Second,Kolkata,2017,167735 km,₹880080
Tata,Electric,Manual,Second,Bangalore,2006,184704 km,₹166691
Tata,Petrol,,First,Kolkata,2020,63436 km,₹1374401
,CNG,,Third,Chennai,2010,194773 km,₹1444091
Hyundai,Petrol,Automatic,Second,Pune,2023,148377 km,₹606289
Mahindra,,,Third,Delhi,2017,99699 km,₹1649648
Mahindra,CNG,Automatic,Second,Mumbai,2021,61030 km,₹1100850
Ford,Electric,Manual,Second,,2013,25750 km,₹796362
Maruti,Petrol,Automatic,Third,,2021,19650 km,₹1628249
Audi,Petrol,Automatic,Second,Hyderabad,2006,62480 km,₹749362
,,Manual,Second,Chennai,2023,57127 km,₹717752
Mahindra,Petrol,Automatic,Third,Hyderabad,2023,8981 km,₹1347291
Ford,Petrol,,Second,Hyderabad,2011,101881 km,₹1919456
,Petrol,Manual,Second,Pune,2014,33036 km,₹450002
BMW,,Automatic,Second,Delhi,2014,67532 km,₹444937
Hyundai,,,Third,Hyderabad,2013,49912 km,₹1475330
Mahindra,Diesel,,First,Kolkata,2021,65726 km,₹1991243
Ford,Diesel,,Third,,2019,34592 km,₹1564345
Tata,Diesel,Automatic,First,Delhi,2006,56586 km,₹754669
BMW,,,Second,Kolkata,2008,25608 km,₹975729
,Electric,Automatic,First,Pune,2023,117255 km,₹721655
,Petrol,Manual,Third,Chennai,2021,94743 km,₹500435
Tata,Petrol,Automatic,Third,Mumbai,2009,175904 km,₹958811
Hyundai,Petrol,Automatic,Second,Chennai,2011,7765 km,₹1870897
,Electric,Manual,First,Bangalore,2022,17404 km,₹1840848
Audi,,Automatic,Second,Bangalore,2011,191790 km,₹1762656
Hyundai,Diesel,Automatic,Second,Kolkata,2021,166409 km,₹678725
,Petrol,Manual,Third,Hyderabad,2011,179405 km,₹1659067
Audi,Petrol,Automatic,First,Pune,2008,48162 km,₹1039621
Mahindra,,Automatic,First,,2012,148738 km,₹993844
Mahindra,Diesel,Automatic,First,Bangalore,2017,47968 km,₹1451197
Toyota,,Manual,First,Bangalore,2008,26322 km,₹1073458
Maruti,Electric,Manual,Second,Hyderabad,2010,85206 km,₹1168307
Toyota,Diesel,Manual,Second,Mumbai,2009,53928 km,₹947790
Audi,Diesel,,Third,Bangalore,2016,99455 km,₹1445349
Maruti,Petrol,Manual,Second,Mumbai,2008,67224 km,₹311463
Toyota,Electric,Automatic,Second,Delhi,2013,168004 km,₹1299029
Toyota,,Manual,Third,Kolkata,2008,164472 km,₹856355
Mahindra,Electric,Manual,Third,Bangalore,2023,71983 km,₹988976
,CNG,,Third,Chennai,2018,82597 km,₹1308957
Toyota,Petrol,Automatic,Second,Delhi,2009,26576 km,₹1825450
Toyota,,Manual,Second,Hyderabad,2022,120080 km,₹724762
BMW,,Automatic,Third,Bangalore,2014,190473 km,₹352313
Tata,Diesel,Manual,Third,Kolkata,2023,75404 km,₹368602
Honda,,Automatic,Third,Chennai,2016,184704 km,₹1823480
Tata,Electric,Automatic,Second,Mumbai,2022,186711 km,₹1892380
Hyundai,CNG,Manual,Second,Pune,2021,6537 km,₹1350844
Hyundai,,Manual,First,Mumbai,2015,82658 km,₹1168086
Tata,,Manual,Second,Chennai,2007,104864 km,₹1878099
Tata,Electric,,Second,Bangalore,2021,26602 km,₹1042529
,Petrol,,Second,,2005,112561 km,₹1186985
Toyota,Diesel,Manual,Third,Delhi,2019,8771 km,₹1932942
Mahindra,,Automatic,Second,Hyderabad,2013,81448 km,₹856355
Ford,Diesel,Manual,Third,Mumbai,2019,130695 km,₹915977
Maruti,Diesel,Manual,First,Bangalore,2007,98860 km,₹1199469
Ford,CNG,Automatic,First,Chennai,2023,127689 km,₹1256813
Hyundai,CNG,,Third,,2017,30993 km,₹1644360
,Electric,,Third,Bangalore,2016,90469 km,₹373306
Hyundai,,Automatic,Third,Delhi,2005,192054 km,₹1270589
Tata,Diesel,Manual,Second,Bangalore,2021,102037 km,₹1356501
Maruti,Petrol,Automatic,First,Delhi,2017,150364 km,₹975584
,Petrol,Manual,Third,Mumbai,2005,49565 km,₹1870141
Mahindra,,Automatic,Second,Pune,2014,107499 km,₹1406057
Mahindra,Electric,Manual,First,Delhi,2019,12265 km,₹1025581
Maruti,Diesel,Automatic,Second,Delhi,2011,162255 km,₹546476
BMW,,Manual,First,Hyderabad,2022,146774 km,₹1840848
Honda,,Manual,Second,Chennai,2020,123454 km,₹1932979
Audi,,,First,Mumbai,2018,86199 km,₹888447
Honda,,Manual,First,Bangalore,2022,97244 km,₹1200911
Hyundai,Diesel,Automatic,Second,Hyderabad,2011,42500 km,₹352313
Maruti,,Manual,Third,Bangalore,2021,130155 km,₹633037
Tata,CNG,Manual,First,Pune,2022,43098 km,₹1192564
Mahindra,,Manual,Third,Mumbai,2016,101058 km,₹1383326
Maruti,,Manual,Second,Pune,2012,145824 km,₹1497433
BMW,,,Third,Bangalore,2006,112967 km,₹484083
Tata,Electric,Manual,Third,Hyderabad,2011,75400 km,₹1361402
Mahindra,Petrol,,Third,Kolkata,2008,75871 km,₹563144
Tata,CNG,Automatic,Third,Hyderabad,2022,16434 km,₹531856
Tata,,Automatic,Third,Bangalore,2010,109320 km,₹1702245
Mahindra,,Automatic,First,Bangalore,2013,86932 km,₹899717
Hyundai,Petrol,Automatic,First,Bangalore,2013,110514 km,₹873589
Hyundai,Petrol,Automatic,First,Mumbai,2018,133406 km,₹1299217
Audi,Petrol,Manual,Second,Mumbai,2012,137921 km,₹1638800
,,Manual,Third,Kolkata,2023,66715 km,₹1211871
Toyota,,,First,Chennai,2007,146172 km,₹1800891
Honda,Diesel,,Second,Chennai,2022,136042 km,₹485114
Ford,CNG,,First,Pune,2009,73322 km,₹1464170
Tata,,Automatic,First,Pune,2018,57389 km,₹598953
Maruti,,Automatic,Third,Delhi,2008,133588 km,₹232797
Hyundai,CNG,Automatic,Second,Kolkata,2011,133949 km,₹1422014
BMW,CNG,Automatic,Third,Mumbai,2016,131150 km,₹681154
Ford,CNG,Manual,Third,Kolkata,2006,174241 km,₹811232
Maruti,Diesel,Automatic,First,Kolkata,2015,180794 km,₹1174958
Honda,CNG,Manual,Third,Hyderabad,2018,59943 km,₹1412032
Honda,Electric,Manual,Second,Pune,2020,105400 km,₹157175
Ford,,,Third,Delhi,2010,24360 km,₹856355
Maruti,Electric,Manual,Third,Chennai,2008,145287 km,₹554529
Hyundai,,Manual,Third,Hyderabad,2019,136025 km,₹1181159
BMW,Petrol,Manual,First,Chennai,2005,25750 km,₹383473
Hyundai,CNG,,Second,,2011,30523 km,₹1214764
Ford,Petrol,Automatic,First,Bangalore,2016,28525 km,₹566441
Honda,Diesel,Automatic,First,Bangalore,2014,39808 km,₹1700931
Maruti,,,First,Bangalore,2009,196758 km,₹363389
Honda,,,First,Bangalore,2016,85664 km,₹1359112
BMW,Petrol,Manual,First,Pune,2022,41839 km,₹1513664
Audi,CNG,Automatic,Second,Hyderabad,2014,151245 km,₹1748406
Audi,,Automatic,Third,Hyderabad,2010,86110 km,₹1478280
Toyota,Diesel,Automatic,First,Kolkata,2016,195189 km,₹1957628
Ford,CNG,Manual,First,,2011,75871 km,₹1138457
Honda,,,Second,Kolkata,2022,,₹1753634
Honda,Electric,Automatic,Second,Delhi,2006,147001 km,₹755920
Audi,Petrol,Manual,Third,Kolkata,2014,34680 km,₹1293387
Maruti,Diesel,Automatic,Second,Mumbai,2019,25104 km,₹1569416
Maruti,,Manual,Third,Mumbai,2016,101261 km,₹1020707
Honda,CNG,Manual,First,Hyderabad,2021,85632 km,₹362199
Maruti,Petrol,Automatic,First,Bangalore,2008,184965 km,₹1524932
Hyundai,,Manual,Third,Delhi,2011,129984 km,₹856355
Mahindra,Petrol,Automatic,Second,Mumbai,2013,31028 km,₹722207
Tata,,Automatic,Third,Delhi,2023,148518 km,₹1080213
Audi,Diesel,Manual,Second,,2011,6132 km,₹1220780
Audi,,,First,Delhi,2006,78495 km,₹169409
Toyota,Diesel,Manual,Second,Mumbai,2010,46954 km,₹825356
Honda,Diesel,Manual,Third,Chennai,2022,26576 km,₹1290821
Toyota,Petrol,Manual,Third,Bangalore,2010,170390 km,₹1860968
Mahindra,Diesel,Manual,First,,2017,50890 km,₹420562
Honda,,Manual,Second,Delhi,2023,85986 km,₹176675
Ford,,Automatic,Second,Pune,2006,171963 km,₹619235
Tata,Diesel,,Second,Hyderabad,2016,118689 km,₹423923
Mahindra,CNG,Manual,First,,2019,107511 km,₹1264650
Tata,,Automatic,Second,Hyderabad,2018,195861 km,₹1849551
Honda,,Automatic,Third,Kolkata,2010,168004 km,₹178097
,CNG,,Second,Delhi,2022,172055 km,₹1422014
BMW,Diesel,Automatic,First,Chennai,2009,37991 km,₹543148
Hyundai,CNG,Manual,Second,Chennai,2022,47942 km,₹1444091
Audi,Electric,Manual,Second,,2007,180599 km,₹993964
Tata,Petrol,Automatic,Third,Mumbai,2007,112441 km,₹1449397
Audi,Electric,,Second,Mumbai,2014,185764 km,₹284544
BMW,Diesel,Manual,Third,Bangalore,2023,155737 km,₹773882
Tata,,Manual,Third,Delhi,2007,123454 km,₹1410253
Maruti,Petrol,,First,Mumbai,2016,157376 km,₹224746
Honda,CNG,,Third,,2020,106164 km,₹1225847
Mahindra,CNG,,Third,Chennai,2021,149375 km,₹1653185
Ford,Electric,Automatic,First,Hyderabad,2011,134237 km,₹1082364
Honda,Petrol,Manual,Third,Kolkata,2017,31639 km,₹1527098
Hyundai,CNG,Automatic,First,Chennai,2006,104764 km,₹631598
Audi,CNG,Automatic,Second,Mumbai,2008,10972 km,₹816358
,CNG,Manual,First,Mumbai,2014,57389 km,₹920848
Mahindra,Electric,Automatic,Third,Bangalore,2011,175904 km,₹1241766
Hyundai,Electric,Automatic,First,Hyderabad,2021,29976 km,₹1355769
Honda,,Manual,Third,Chennai,2010,76356 km,₹613214
Maruti,Diesel,Automatic,Second,Delhi,2023,110585 km,₹742064
,,Automatic,First,Pune,2009,169404 km,₹1686308
Hyundai,CNG,,Second,,2014,182190 km,₹1113847
Mahindra,Petrol,Manual,Third,Kolkata,2013,35562 km,₹1183711
Honda,Petrol,Manual,Third,Kolkata,2017,19591 km,₹897406
Mahindra,Diesel,Automatic,Second,Kolkata,2023,33718 km,₹1580491
Ford,,Manual,First,Bangalore,2010,125721 km,₹905408
Audi,,Automatic,First,Kolkata,2008,32867 km,₹497693
Honda,,Automatic,Third,Mumbai,2007,108262 km,₹1338553
Maruti,CNG,Manual,Second,Hyderabad,2007,70641 km,₹281693
Hyundai,CNG,Automatic,Second,Hyderabad,2008,55281 km,₹1981934
,Petrol,Automatic,First,Delhi,2009,71060 km,₹312153
Audi,Diesel,Manual,First,Kolkata,2012,149825 km,₹959375
Mahindra,CNG,,First,,2020,174331 km,₹122948
Ford,Petrol,,Second,Bangalore,2007,193019 km,₹1569416
Ford,Diesel,Automatic,First,Kolkata,2016,157472 km,₹618728
Hyundai,CNG,Automatic,First,Delhi,2012,18265 km,₹1498513
,,Automatic,Third,Pune,2017,181881 km,₹367531
Tata,,,First,Pune,2008,52997 km,₹955656
Toyota,,Automatic,First,Pune,2018,198709 km,₹713398
Mahindra,Electric,Automatic,Second,,2018,113721 km,₹862803
Maruti,CNG,,Second,,2017,32818 km,₹354289
Hyundai,Electric,Manual,Third,Kolkata,2010,140604 km,₹667497
BMW,,,First,Bangalore,2021,156697 km,₹363389
Maruti,Petrol,Manual,Third,,2008,71830 km,₹496848
Ford,CNG,Manual,Second,Delhi,2012,105400 km,₹1860968
Honda,,Manual,Third,,2021,157131 km,₹1554430
Toyota,Diesel,,Second,Bangalore,2007,132514 km,₹383473
Honda,CNG,,Third,Delhi,2021,29624 km,₹650901
Toyota,CNG,Automatic,Third,Hyderabad,2013,83218 km,₹1287171
BMW,Petrol,Automatic,First,Mumbai,2006,104976 km,₹1020707
Honda,Diesel,Automatic,Third,Bangalore,2017,43967 km,₹1555455
Mahindra,Diesel,,First,Bangalore,2006,194832 km,₹1307989
Tata,Petrol,Automatic,First,Delhi,2015,31572 km,₹1294730
Ford,Petrol,Manual,First,Mumbai,2019,156697 km,₹1545138
,,Manual,First,Delhi,2015,61321 km,₹1464170
BMW,Diesel,Automatic,Third,Chennai,2007,85664 km,₹631598
Honda,CNG,Automatic,Second,Delhi,2007,96038 km,₹1843685
Maruti,Diesel,Manual,Second,Hyderabad,2016,183130 km,₹851938
Honda,,Manual,Second,Mumbai,2009,52218 km,₹1236078
Mahindra,Diesel,,Third,,2011,51694 km,₹736438
Maruti,CNG,Manual,First,,2011,107511 km,₹1866299
Tata,,Automatic,Second,Bangalore,2017,18237 km,₹1173120
Mahindra,,,Third,Kolkata,2013,49565 km,₹1819799
Toyota,Petrol,Automatic,First,Kolkata,2017,81298 km,₹1892380
BMW,,Manual,Second,,2016,80403 km,₹1783887
Hyundai,CNG,Automatic,First,Pune,2017,82028 km,₹1618642
Maruti,CNG,,Second,Delhi,2014,147509 km,₹712495
BMW,Petrol,Automatic,Second,Hyderabad,2005,129984 km,₹1174958
Tata,Petrol,,Second,Hyderabad,2012,140958 km,₹1643225
Ford,,Manual,First,Hyderabad,2020,199442 km,₹376999
Tata,CNG,Automatic,Third,Bangalore,2017,112791 km,₹526941
Honda,CNG,Automatic,First,,2007,88028 km,₹1878568
Audi,,,Second,,2007,162359 km,₹1466851
BMW,,Manual,First,Mumbai,2009,92908 km,₹1142536
Ford,Petrol,,Third,Delhi,2015,109672 km,₹145784
Honda,Electric,Automatic,First,Mumbai,2011,124324 km,₹1468608
Mahindra,Petrol,Manual,Third,Kolkata,2014,46256 km,₹1538291
Toyota,,Manual,Third,Hyderabad,2014,26322 km,₹107086
Maruti,Electric,,First,Hyderabad,2006,129336 km,₹998760
,,Manual,Second,Chennai,2007,118689 km,₹313299
Hyundai,Petrol,Manual,Third,Pune,2012,166564 km,₹1264650
,Petrol,Manual,First,Bangalore,2015,116850 km,₹159072
Tata,Diesel,,Third,Chennai,2017,73322 km,₹967838
